SURVEY,YEAR,STRATUM,LENGTH,SPECIES_CODE,FREQUENCY
EBS_SLOPE,2002,1,29,30576,6384.33661555264
EBS_SLOPE,2002,1,31,30576,5773.25046946752
EBS_SLOPE,2002,1,37,30576,6384.33661555264
EBS_SLOPE,2002,1,44,30576,6384.33661555264
EBS_SLOPE,2002,1,47,30576,12768.6732311053
EBS_SLOPE,2002,1,48,30576,12768.6732311053
EBS_SLOPE,2002,1,49,30576,12841.549713423
EBS_SLOPE,2002,1,50,30576,6384.33661555264
EBS_SLOPE,2002,1,51,30576,6384.33661555264
EBS_SLOPE,2002,1,53,30576,6384.33661555264
EBS_SLOPE,2002,1,55,30576,6384.33661555264
EBS_SLOPE,2002,1,59,30576,6384.33661555264
EBS_SLOPE,2002,1,60,30576,12768.6732311053
EBS_SLOPE,2002,1,62,30576,19153.0098466579
EBS_SLOPE,2002,1,63,30576,6457.21309787038
EBS_SLOPE,2002,1,64,30576,6384.33661555264
EBS_SLOPE,2002,1,65,30576,6384.33661555264
EBS_SLOPE,2002,1,72,30576,6384.33661555264
EBS_SLOPE,2002,1,78,30576,6384.33661555264
EBS_SLOPE,2002,1,83,30576,6384.33661555264
EBS_SLOPE,2002,1,88,30576,6384.33661555264
EBS_SLOPE,2002,1,89,30576,6384.33661555264
EBS_SLOPE,2002,1,90,30576,6384.33661555264
EBS_SLOPE,2002,1,91,30576,6384.33661555264
EBS_SLOPE,2002,1,95,30576,6384.33661555264
EBS_SLOPE,2002,2,11,30576,7067.79185973219
EBS_SLOPE,2002,2,14,30576,6201.61899395531
EBS_SLOPE,2002,2,16,30576,6248.90015988841
EBS_SLOPE,2002,2,17,30576,6248.90015988841
EBS_SLOPE,2002,2,18,30576,6109.34771922147
EBS_SLOPE,2002,2,21,30576,6109.34771922147
EBS_SLOPE,2002,2,32,30576,6109.34771922147
EBS_SLOPE,2002,2,39,30576,12218.695438443
EBS_SLOPE,2002,2,45,30576,6201.61899395531
EBS_SLOPE,2002,2,50,30576,6248.90015988841
EBS_SLOPE,2002,2,54,30576,6040.93717484827
EBS_SLOPE,2002,2,58,30576,6040.93717484827
EBS_SLOPE,2002,2,61,30576,6248.90015988841
EBS_SLOPE,2002,2,67,30576,6248.90015988841
EBS_SLOPE,2002,2,70,30576,6248.90015988841
EBS_SLOPE,2002,2,71,30576,6248.90015988841
EBS_SLOPE,2002,2,77,30576,6248.90015988841
EBS_SLOPE,2002,2,79,30576,12403.2379879106
EBS_SLOPE,2002,2,94,30576,7067.79185973219
EBS_SLOPE,2002,3,35,30576,11888.5418760215
EBS_SLOPE,2002,3,40,30576,5873.59149922699
EBS_SLOPE,2002,3,44,30576,11817.8624372377
EBS_SLOPE,2002,3,45,30576,11888.5418760215
EBS_SLOPE,2002,3,46,30576,17832.8128140323
EBS_SLOPE,2002,3,49,30576,17832.8128140323
EBS_SLOPE,2002,3,50,30576,17762.1333752485
EBS_SLOPE,2002,3,51,30576,29721.3546900538
EBS_SLOPE,2002,3,52,30576,5944.27093801075
EBS_SLOPE,2002,3,53,30576,29650.67525127
EBS_SLOPE,2002,3,54,30576,35524.266750497
EBS_SLOPE,2002,3,55,30576,11888.5418760215
EBS_SLOPE,2002,3,57,30576,47412.8086265185
EBS_SLOPE,2002,3,58,30576,35594.9461892808
EBS_SLOPE,2002,3,59,30576,23706.4043132593
EBS_SLOPE,2002,3,60,30576,53498.4384420968
EBS_SLOPE,2002,3,62,30576,45993.1712070384
EBS_SLOPE,2002,3,63,30576,39907.5413914601
EBS_SLOPE,2002,3,64,30576,17832.8128140323
EBS_SLOPE,2002,3,65,30576,29721.3546900538
EBS_SLOPE,2002,3,66,30576,17832.8128140323
EBS_SLOPE,2002,3,67,30576,22216.0874549954
EBS_SLOPE,2002,3,68,30576,10398.2250177576
EBS_SLOPE,2002,3,72,30576,11888.5418760215
EBS_SLOPE,2002,3,74,30576,11817.8624372377
EBS_SLOPE,2002,3,76,30576,5944.27093801075
EBS_SLOPE,2002,3,77,30576,10398.2250177576
EBS_SLOPE,2002,3,81,30576,5944.27093801075
EBS_SLOPE,2002,3,90,30576,4453.95407974689
EBS_SLOPE,2002,3,99,30576,5944.27093801075
EBS_SLOPE,2002,4,20,30576,5584.70704747301
EBS_SLOPE,2002,4,25,30576,5584.70704747301
EBS_SLOPE,2002,4,30,30576,5484.62087593797
EBS_SLOPE,2002,4,31,30576,5584.70704747301
EBS_SLOPE,2002,4,32,30576,5584.70704747301
EBS_SLOPE,2002,4,33,30576,5761.15621991383
EBS_SLOPE,2002,4,35,30576,10969.2417518759
EBS_SLOPE,2002,4,36,30576,11245.7770958518
EBS_SLOPE,2002,4,37,30576,22768.0895356795
EBS_SLOPE,2002,4,38,30576,21938.4835037519
EBS_SLOPE,2002,4,39,30576,34413.5513031448
EBS_SLOPE,2002,4,40,30576,5484.62087593797
EBS_SLOPE,2002,4,41,30576,17583.3971670833
EBS_SLOPE,2002,4,42,30576,11245.7770958518
EBS_SLOPE,2002,4,43,30576,11722.1547756344
EBS_SLOPE,2002,4,44,30576,29311.6006937111
EBS_SLOPE,2002,4,45,30576,18559.2452969919
EBS_SLOPE,2002,4,46,30576,23720.8448952447
EBS_SLOPE,2002,4,47,30576,11345.8632673868
EBS_SLOPE,2002,4,50,30576,6237.53389969646
EBS_SLOPE,2002,4,51,30576,6237.53389969646
EBS_SLOPE,2002,4,52,30576,5761.15621991383
EBS_SLOPE,2002,4,55,30576,5584.70704747301
EBS_SLOPE,2002,4,56,30576,11345.8632673868
EBS_SLOPE,2002,4,57,30576,5584.70704747301
EBS_SLOPE,2002,4,58,30576,5484.62087593797
EBS_SLOPE,2002,4,61,30576,11069.327923411
EBS_SLOPE,2002,4,62,30576,5484.62087593797
EBS_SLOPE,2002,4,73,30576,5584.70704747301
EBS_SLOPE,2002,4,82,30576,5484.62087593797
EBS_SLOPE,2002,4,85,30576,5584.70704747301
EBS_SLOPE,2002,4,86,30576,6560.55517738157
EBS_SLOPE,2002,5,47,30576,4049.80832841501
EBS_SLOPE,2002,5,54,30576,4049.80832841501
EBS_SLOPE,2002,5,61,30576,3175.87413170643
EBS_SLOPE,2002,5,73,30576,3175.87413170643
EBS_SLOPE,2002,6,41,30576,5978.41408091135
EBS_SLOPE,2002,6,44,30576,5978.41408091135
EBS_SLOPE,2002,6,56,30576,5978.41408091135
EBS_SLOPE,2002,6,64,30576,5978.41408091135
EBS_SLOPE,2002,11,31,30576,5773.25046946752
EBS_SLOPE,2002,11,37,30576,6384.33661555264
EBS_SLOPE,2002,11,44,30576,6384.33661555264
EBS_SLOPE,2002,11,47,30576,12768.6732311053
EBS_SLOPE,2002,11,48,30576,12768.6732311053
EBS_SLOPE,2002,11,49,30576,6384.33661555264
EBS_SLOPE,2002,11,50,30576,6384.33661555264
EBS_SLOPE,2002,11,51,30576,6384.33661555264
EBS_SLOPE,2002,11,53,30576,6384.33661555264
EBS_SLOPE,2002,11,55,30576,6384.33661555264
EBS_SLOPE,2002,11,60,30576,12768.6732311053
EBS_SLOPE,2002,11,61,30576,12768.6732311053
EBS_SLOPE,2002,11,62,30576,19153.0098466579
EBS_SLOPE,2002,11,64,30576,6384.33661555264
EBS_SLOPE,2002,11,65,30576,6384.33661555264
EBS_SLOPE,2002,11,72,30576,6384.33661555264
EBS_SLOPE,2002,11,78,30576,6384.33661555264
EBS_SLOPE,2002,11,83,30576,6384.33661555264
EBS_SLOPE,2002,11,88,30576,6384.33661555264
EBS_SLOPE,2002,11,89,30576,6384.33661555264
EBS_SLOPE,2002,11,91,30576,6384.33661555264
EBS_SLOPE,2002,11,95,30576,6384.33661555264
EBS_SLOPE,2002,12,49,30576,6457.21309787038
EBS_SLOPE,2002,12,63,30576,6457.21309787038
EBS_SLOPE,2002,21,16,30576,6248.90015988841
EBS_SLOPE,2002,21,17,30576,6248.90015988841
EBS_SLOPE,2002,21,50,30576,6248.90015988841
EBS_SLOPE,2002,21,54,30576,6040.93717484827
EBS_SLOPE,2002,21,58,30576,6040.93717484827
EBS_SLOPE,2002,21,61,30576,6248.90015988841
EBS_SLOPE,2002,21,67,30576,6248.90015988841
EBS_SLOPE,2002,21,70,30576,6248.90015988841
EBS_SLOPE,2002,21,71,30576,6248.90015988841
EBS_SLOPE,2002,21,77,30576,6248.90015988841
EBS_SLOPE,2002,22,11,30576,7067.79185973219
EBS_SLOPE,2002,22,14,30576,6201.61899395531
EBS_SLOPE,2002,22,18,30576,6109.34771922147
EBS_SLOPE,2002,22,21,30576,6109.34771922147
EBS_SLOPE,2002,22,32,30576,6109.34771922147
EBS_SLOPE,2002,22,39,30576,12218.695438443
EBS_SLOPE,2002,22,45,30576,6201.61899395531
EBS_SLOPE,2002,22,79,30576,12403.2379879106
EBS_SLOPE,2002,22,94,30576,7067.79185973219
EBS_SLOPE,2002,31,62,30576,4453.95407974689
EBS_SLOPE,2002,31,63,30576,4453.95407974689
EBS_SLOPE,2002,31,67,30576,4453.95407974689
EBS_SLOPE,2002,31,68,30576,4453.95407974689
EBS_SLOPE,2002,31,77,30576,4453.95407974689
EBS_SLOPE,2002,31,90,30576,4453.95407974689
EBS_SLOPE,2002,32,35,30576,11888.5418760215
EBS_SLOPE,2002,32,40,30576,5873.59149922699
EBS_SLOPE,2002,32,44,30576,11817.8624372377
EBS_SLOPE,2002,32,45,30576,11888.5418760215
EBS_SLOPE,2002,32,46,30576,17832.8128140323
EBS_SLOPE,2002,32,48,30576,17762.1333752485
EBS_SLOPE,2002,32,49,30576,17832.8128140323
EBS_SLOPE,2002,32,50,30576,17762.1333752485
EBS_SLOPE,2002,32,51,30576,29721.3546900538
EBS_SLOPE,2002,32,52,30576,5944.27093801075
EBS_SLOPE,2002,32,53,30576,29650.67525127
EBS_SLOPE,2002,32,55,30576,11888.5418760215
EBS_SLOPE,2002,32,57,30576,47412.8086265185
EBS_SLOPE,2002,32,58,30576,35594.9461892808
EBS_SLOPE,2002,32,59,30576,23706.4043132593
EBS_SLOPE,2002,32,60,30576,53498.4384420968
EBS_SLOPE,2002,32,61,30576,17762.1333752485
EBS_SLOPE,2002,32,62,30576,41539.2171272915
EBS_SLOPE,2002,32,63,30576,35453.5873117132
EBS_SLOPE,2002,32,64,30576,17832.8128140323
EBS_SLOPE,2002,32,65,30576,29721.3546900538
EBS_SLOPE,2002,32,66,30576,17832.8128140323
EBS_SLOPE,2002,32,67,30576,17762.1333752485
EBS_SLOPE,2002,32,68,30576,5944.27093801075
EBS_SLOPE,2002,32,74,30576,11817.8624372377
EBS_SLOPE,2002,32,76,30576,5944.27093801075
EBS_SLOPE,2002,32,77,30576,5944.27093801075
EBS_SLOPE,2002,32,81,30576,5944.27093801075
EBS_SLOPE,2002,32,82,30576,5944.27093801075
EBS_SLOPE,2002,32,99,30576,5944.27093801075
EBS_SLOPE,2002,41,20,30576,5584.70704747301
EBS_SLOPE,2002,41,25,30576,5584.70704747301
EBS_SLOPE,2002,41,30,30576,5484.62087593797
EBS_SLOPE,2002,41,31,30576,5584.70704747301
EBS_SLOPE,2002,41,32,30576,5584.70704747301
EBS_SLOPE,2002,41,33,30576,5761.15621991383
EBS_SLOPE,2002,41,35,30576,10969.2417518759
EBS_SLOPE,2002,41,36,30576,11245.7770958518
EBS_SLOPE,2002,41,37,30576,22768.0895356795
EBS_SLOPE,2002,41,38,30576,21938.4835037519
EBS_SLOPE,2002,41,39,30576,21938.4835037519
EBS_SLOPE,2002,41,40,30576,5484.62087593797
EBS_SLOPE,2002,41,41,30576,11345.8632673868
EBS_SLOPE,2002,41,42,30576,11245.7770958518
EBS_SLOPE,2002,41,43,30576,5484.62087593797
EBS_SLOPE,2002,41,44,30576,22038.5696752869
EBS_SLOPE,2002,41,45,30576,5761.15621991383
EBS_SLOPE,2002,41,46,30576,11245.7770958518
EBS_SLOPE,2002,41,47,30576,11345.8632673868
EBS_SLOPE,2002,41,52,30576,5761.15621991383
EBS_SLOPE,2002,41,55,30576,5584.70704747301
EBS_SLOPE,2002,41,56,30576,11345.8632673868
EBS_SLOPE,2002,41,57,30576,5584.70704747301
EBS_SLOPE,2002,41,58,30576,5484.62087593797
EBS_SLOPE,2002,41,61,30576,11069.327923411
EBS_SLOPE,2002,41,62,30576,5484.62087593797
EBS_SLOPE,2002,41,73,30576,5584.70704747301
EBS_SLOPE,2002,41,82,30576,5484.62087593797
EBS_SLOPE,2002,41,85,30576,5584.70704747301
EBS_SLOPE,2002,41,95,30576,5484.62087593797
EBS_SLOPE,2002,42,39,30576,12475.0677993929
EBS_SLOPE,2002,42,41,30576,6237.53389969646
EBS_SLOPE,2002,42,43,30576,6237.53389969646
EBS_SLOPE,2002,42,44,30576,7273.03101842421
EBS_SLOPE,2002,42,45,30576,12798.089077078
EBS_SLOPE,2002,42,46,30576,12475.0677993929
EBS_SLOPE,2002,42,51,30576,6237.53389969646
EBS_SLOPE,2002,42,86,30576,6560.55517738157
EBS_SLOPE,2002,52,47,30576,4049.80832841501
EBS_SLOPE,2002,52,54,30576,4049.80832841501
EBS_SLOPE,2002,52,61,30576,3175.87413170643
EBS_SLOPE,2002,52,73,30576,3175.87413170643
EBS_SLOPE,2002,62,41,30576,5978.41408091135
EBS_SLOPE,2002,62,44,30576,5978.41408091135
EBS_SLOPE,2002,62,56,30576,5978.41408091135
EBS_SLOPE,2002,62,64,30576,5978.41408091135
EBS_SLOPE,2004,1,15,30576,3700.35142750567
EBS_SLOPE,2004,1,18,30576,3700.35142750567
EBS_SLOPE,2004,1,27,30576,2810.20252764823
EBS_SLOPE,2004,1,29,30576,3700.35142750567
EBS_SLOPE,2004,1,30,30576,1850.58101421407
EBS_SLOPE,2004,1,40,30576,2943.48358217671
EBS_SLOPE,2004,1,46,30576,3139.59151773896
EBS_SLOPE,2004,1,47,30576,2375.05103755094
EBS_SLOPE,2004,1,54,30576,2781.35141795072
EBS_SLOPE,2004,1,59,30576,2781.35141795072
EBS_SLOPE,2004,1,63,30576,2904.68250925484
EBS_SLOPE,2004,1,64,30576,2736.73128737193
EBS_SLOPE,2004,2,15,30576,3488.9170380731
EBS_SLOPE,2004,2,16,30576,3488.9170380731
EBS_SLOPE,2004,2,17,30576,7390.53695115093
EBS_SLOPE,2004,2,18,30576,3488.9170380731
EBS_SLOPE,2004,2,19,30576,3901.61991307784
EBS_SLOPE,2004,2,20,30576,6027.1534398432505
EBS_SLOPE,2004,2,21,30576,2538.23640177015
EBS_SLOPE,2004,2,22,30576,3901.61991307784
EBS_SLOPE,2004,2,26,30576,3488.9170380731
EBS_SLOPE,2004,2,28,30576,7614.70920531045
EBS_SLOPE,2004,2,29,30576,6140.02633461598
EBS_SLOPE,2004,2,31,30576,6977.8340761462
EBS_SLOPE,2004,2,34,30576,3488.9170380731
EBS_SLOPE,2004,2,41,30576,3488.9170380731
EBS_SLOPE,2004,2,43,30576,3488.9170380731
EBS_SLOPE,2004,2,45,30576,9686.29696195167
EBS_SLOPE,2004,2,48,30576,10870.3019208191
EBS_SLOPE,2004,2,49,30576,3348.85326088041
EBS_SLOPE,2004,2,50,30576,6027.1534398432505
EBS_SLOPE,2004,2,51,30576,11820.982557122
EBS_SLOPE,2004,2,53,30576,6977.8340761462
EBS_SLOPE,2004,2,54,30576,3488.9170380731
EBS_SLOPE,2004,2,57,30576,3488.9170380731
EBS_SLOPE,2004,2,62,30576,2974.77109869607
EBS_SLOPE,2004,2,65,30576,2974.77109869607
EBS_SLOPE,2004,2,67,30576,2538.23640177015
EBS_SLOPE,2004,2,73,30576,2538.23640177015
EBS_SLOPE,2004,2,80,30576,2974.77109869607
EBS_SLOPE,2004,2,82,30576,2992.12322046939
EBS_SLOPE,2004,2,96,30576,2538.23640177015
EBS_SLOPE,2004,3,33,30576,6616.95765966128
EBS_SLOPE,2004,3,36,30576,6616.95765966128
EBS_SLOPE,2004,3,39,30576,5282.86260269722
EBS_SLOPE,2004,3,45,30576,10867.7875507659
EBS_SLOPE,2004,3,46,30576,18875.9547722407
EBS_SLOPE,2004,3,47,30576,9533.6924938018
EBS_SLOPE,2004,3,48,30576,10867.7875507659
EBS_SLOPE,2004,3,49,30576,8310.22956684628
EBS_SLOPE,2004,3,50,30576,14007.6527158653
EBS_SLOPE,2004,3,51,30576,4250.82989110459
EBS_SLOPE,2004,3,52,30576,4250.82989110459
EBS_SLOPE,2004,3,54,30576,12561.0594579509
EBS_SLOPE,2004,3,55,30576,12277.2293675353
EBS_SLOPE,2004,3,56,30576,10699.5546596314
EBS_SLOPE,2004,3,57,30576,20529.1355858366
EBS_SLOPE,2004,3,58,30576,10676.357335403
EBS_SLOPE,2004,3,59,30576,4250.82989110459
EBS_SLOPE,2004,3,60,30576,14927.1872265076
EBS_SLOPE,2004,3,61,30576,4250.82989110459
EBS_SLOPE,2004,3,62,30576,21544.1448861688
EBS_SLOPE,2004,3,63,30576,9533.6924938018
EBS_SLOPE,2004,3,64,30576,3390.47390960995
EBS_SLOPE,2004,3,65,30576,12218.9060189903
EBS_SLOPE,2004,3,67,30576,5601.94835932904
EBS_SLOPE,2004,3,74,30576,4250.82989110459
EBS_SLOPE,2004,3,75,30576,4250.82989110459
EBS_SLOPE,2004,3,84,30576,5601.94835932904
EBS_SLOPE,2004,3,91,30576,9533.6924938018
EBS_SLOPE,2004,3,97,30576,4877.79643371215
EBS_SLOPE,2004,4,9,30576,3781.09706543017
EBS_SLOPE,2004,4,10,30576,3781.09706543017
EBS_SLOPE,2004,4,14,30576,3781.09706543017
EBS_SLOPE,2004,4,16,30576,3781.09706543017
EBS_SLOPE,2004,4,17,30576,11343.2911962905
EBS_SLOPE,2004,4,18,30576,11283.3809275603
EBS_SLOPE,2004,4,19,30576,3781.09706543017
EBS_SLOPE,2004,4,20,30576,11283.3809275603
EBS_SLOPE,2004,4,21,30576,7562.19413086034
EBS_SLOPE,2004,4,22,30576,33969.9633201413
EBS_SLOPE,2004,4,23,30576,26407.7691892809
EBS_SLOPE,2004,4,24,30576,3781.09706543017
EBS_SLOPE,2004,4,25,30576,18905.4853271508
EBS_SLOPE,2004,4,26,30576,7562.19413086034
EBS_SLOPE,2004,4,27,30576,18845.5750584206
EBS_SLOPE,2004,4,28,30576,22566.7618551206
EBS_SLOPE,2004,4,29,30576,11343.2911962905
EBS_SLOPE,2004,4,30,30576,18785.6647896904
EBS_SLOPE,2004,4,31,30576,15064.4779929904
EBS_SLOPE,2004,4,32,30576,3781.09706543017
EBS_SLOPE,2004,4,33,30576,3781.09706543017
EBS_SLOPE,2004,4,34,30576,7502.28386213011
EBS_SLOPE,2004,4,36,30576,11343.2911962905
EBS_SLOPE,2004,4,37,30576,15124.3882617207
EBS_SLOPE,2004,4,38,30576,11228.5211593905
EBS_SLOPE,2004,4,39,30576,7664.56989888108
EBS_SLOPE,2016,4,45,30576,60603.9039245826
EBS_SLOPE,2016,4,46,30576,6873.34236825567
EBS_SLOPE,2016,4,47,30576,15300.5813724382
EBS_SLOPE,2016,4,48,30576,15012.8088194742
EBS_SLOPE,2016,4,49,30576,15300.5813724382
EBS_SLOPE,2016,4,52,30576,14069.0977657867
EBS_SLOPE,2016,4,53,30576,33889.5772129807
EBS_SLOPE,2016,4,54,30576,11152.362151781
EBS_SLOPE,2016,4,55,30576,25388.2226532917
EBS_SLOPE,2016,4,56,30576,17379.5567649413
EBS_SLOPE,2016,4,57,30576,14702.1598072681
EBS_SLOPE,2016,4,58,30576,28518.8332031084
EBS_SLOPE,2016,4,59,30576,22016.9517505979
EBS_SLOPE,2016,4,60,30576,14510.5473408609
EBS_SLOPE,2016,4,61,30576,7506.40440973708
EBS_SLOPE,2016,4,62,30576,41395.9816227178
EBS_SLOPE,2016,4,63,30576,3502.07146556189
EBS_SLOPE,2016,4,64,30576,22016.9517505979
EBS_SLOPE,2016,4,65,30576,26885.434281857
EBS_SLOPE,2016,4,66,30576,11008.475875299
EBS_SLOPE,2016,4,67,30576,30025.6176389483
EBS_SLOPE,2016,4,68,30576,7506.40440973708
EBS_SLOPE,2016,4,69,30576,7506.40440973708
EBS_SLOPE,2016,4,71,30576,14379.7467779927
EBS_SLOPE,2016,4,72,30576,26885.434281857
EBS_SLOPE,2016,4,73,30576,7506.40440973708
EBS_SLOPE,2016,4,80,30576,3693.68393196915
EBS_SLOPE,2016,4,81,30576,7650.29068621908
EBS_SLOPE,2016,4,83,30576,33758.7766501126
EBS_SLOPE,2016,4,90,30576,13746.6847365113
EBS_SLOPE,2016,4,91,30576,7650.29068621908
EBS_SLOPE,2016,4,92,30576,6873.34236825567
EBS_SLOPE,2016,4,93,30576,13746.6847365113
EBS_SLOPE,2016,4,97,30576,6873.34236825567
EBS_SLOPE,2016,4,98,30576,26885.434281857
EBS_SLOPE,2016,5,48,30576,5589.15195264732
EBS_SLOPE,2016,5,51,30576,5589.15195264732
EBS_SLOPE,2016,5,55,30576,7250.95838115044
EBS_SLOPE,2016,6,54,30576,5756.46878014142
EBS_SLOPE,2016,6,55,30576,5005.68934246282
EBS_SLOPE,2016,6,63,30576,6241.08907698841
EBS_SLOPE,2016,12,39,30576,6665.43253208166
EBS_SLOPE,2016,12,59,30576,5207.48924207426
EBS_SLOPE,2016,21,48,30576,4395.76533823587
EBS_SLOPE,2016,21,76,30576,7272.58675526591
EBS_SLOPE,2016,22,19,30576,3032.15684744553
EBS_SLOPE,2016,22,23,30576,3032.15684744553
EBS_SLOPE,2016,22,28,30576,3032.15684744553
EBS_SLOPE,2016,22,32,30576,9205.16999100996
EBS_SLOPE,2016,22,33,30576,3032.15684744553
EBS_SLOPE,2016,22,34,30576,3032.15684744553
EBS_SLOPE,2016,22,35,30576,6537.94602001723
EBS_SLOPE,2004,4,41,30576,7502.28386213011
EBS_SLOPE,2004,4,42,30576,7502.28386213011
EBS_SLOPE,2004,4,43,30576,3721.18679669994
EBS_SLOPE,2004,4,44,30576,11303.2485603631
EBS_SLOPE,2004,4,45,30576,3781.09706543017
EBS_SLOPE,2004,4,46,30576,11325.8464268508
EBS_SLOPE,2004,4,47,30576,11173.6613912207
EBS_SLOPE,2004,4,50,30576,4146.90638001845
EBS_SLOPE,2004,4,51,30576,3726.23729726037
EBS_SLOPE,2004,4,52,30576,3721.18679669994
EBS_SLOPE,2004,4,53,30576,11148.8626680588
EBS_SLOPE,2004,4,54,30576,7442.37359339989
EBS_SLOPE,2004,4,60,30576,7609.71013071129
EBS_SLOPE,2004,4,61,30576,11233.5716599509
EBS_SLOPE,2004,4,62,30576,7502.28386213011
EBS_SLOPE,2004,4,63,30576,3781.09706543017
EBS_SLOPE,2004,4,65,30576,3883.47283345092
EBS_SLOPE,2004,4,67,30576,11445.6669643113
EBS_SLOPE,2004,4,68,30576,3781.09706543017
EBS_SLOPE,2004,4,70,30576,3883.47283345092
EBS_SLOPE,2004,4,71,30576,3883.47283345092
EBS_SLOPE,2004,4,74,30576,3883.47283345092
EBS_SLOPE,2004,4,78,30576,4146.90638001845
EBS_SLOPE,2004,4,79,30576,3883.47283345092
EBS_SLOPE,2004,4,90,30576,3721.18679669994
EBS_SLOPE,2004,5,33,30576,3413.69190950407
EBS_SLOPE,2004,5,34,30576,3413.69190950407
EBS_SLOPE,2004,5,37,30576,3413.69190950407
EBS_SLOPE,2004,5,40,30576,8254.26587622018
EBS_SLOPE,2004,5,45,30576,3413.69190950407
EBS_SLOPE,2004,5,46,30576,10241.0757285122
EBS_SLOPE,2004,5,50,30576,8254.26587622018
EBS_SLOPE,2004,5,53,30576,6827.38381900814
EBS_SLOPE,2004,5,57,30576,3413.69190950407
EBS_SLOPE,2004,5,78,30576,3413.69190950407
EBS_SLOPE,2004,6,32,30576,7485.69023679844
EBS_SLOPE,2004,6,41,30576,9077.49817402485
EBS_SLOPE,2004,6,42,30576,7485.69023679844
EBS_SLOPE,2004,6,49,30576,3974.77312473275
EBS_SLOPE,2004,6,50,30576,7485.69023679844
EBS_SLOPE,2004,6,57,30576,4591.92760407076
EBS_SLOPE,2004,6,62,30576,3974.77312473275
EBS_SLOPE,2004,6,63,30576,8566.70072880352
EBS_SLOPE,2004,6,90,30576,4618.81822655184
EBS_SLOPE,2004,11,54,30576,2781.35141795072
EBS_SLOPE,2004,11,59,30576,2781.35141795072
EBS_SLOPE,2004,11,64,30576,2736.73128737193
EBS_SLOPE,2004,12,15,30576,3700.35142750567
EBS_SLOPE,2004,12,18,30576,3700.35142750567
EBS_SLOPE,2004,12,27,30576,2810.20252764823
EBS_SLOPE,2004,12,29,30576,3700.35142750567
EBS_SLOPE,2004,12,30,30576,1850.58101421407
EBS_SLOPE,2004,12,40,30576,2943.48358217671
EBS_SLOPE,2008,23,64,30576,4158.00803234722
EBS_SLOPE,2008,23,73,30576,4158.00803234722
EBS_SLOPE,2008,31,50,30576,7460.43341096193
EBS_SLOPE,2008,31,51,30576,12106.5772409034
EBS_SLOPE,2008,31,52,30576,3730.21670548097
EBS_SLOPE,2008,31,53,30576,16294.7575086146
EBS_SLOPE,2008,31,54,30576,4188.18026771122
EBS_SLOPE,2008,31,55,30576,4188.18026771122
EBS_SLOPE,2008,31,56,30576,4188.18026771122
EBS_SLOPE,2008,31,58,30576,3730.21670548097
EBS_SLOPE,2008,31,59,30576,7918.39697319219
EBS_SLOPE,2008,31,60,30576,12106.5772409034
EBS_SLOPE,2008,31,62,30576,3730.21670548097
EBS_SLOPE,2008,31,64,30576,8376.36053542244
EBS_SLOPE,2008,31,65,30576,4188.18026771122
EBS_SLOPE,2008,31,66,30576,7918.39697319219
EBS_SLOPE,2008,31,67,30576,7918.39697319219
EBS_SLOPE,2008,31,68,30576,7918.39697319219
EBS_SLOPE,2008,31,69,30576,4188.18026771122
EBS_SLOPE,2008,31,70,30576,12106.5772409034
EBS_SLOPE,2008,31,71,30576,4188.18026771122
EBS_SLOPE,2008,31,74,30576,7918.39697319219
EBS_SLOPE,2008,31,75,30576,3730.21670548097
EBS_SLOPE,2008,31,78,30576,12106.5772409034
EBS_SLOPE,2008,31,79,30576,7918.39697319219
EBS_SLOPE,2008,31,80,30576,7460.43341096193
EBS_SLOPE,2008,31,82,30576,7918.39697319219
EBS_SLOPE,2008,31,83,30576,7460.43341096193
EBS_SLOPE,2008,31,88,30576,7460.43341096193
EBS_SLOPE,2008,31,89,30576,7460.43341096193
EBS_SLOPE,2008,31,90,30576,3730.21670548097
EBS_SLOPE,2008,31,91,30576,12106.5772409034
EBS_SLOPE,2008,31,93,30576,3730.21670548097
EBS_SLOPE,2008,31,94,30576,8376.36053542244
EBS_SLOPE,2008,31,97,30576,4188.18026771122
EBS_SLOPE,2008,32,45,30576,8301.25183874883
EBS_SLOPE,2008,32,52,30576,4968.24397102386
EBS_SLOPE,2008,32,53,30576,4305.48214202055
EBS_SLOPE,2008,32,54,30576,4305.48214202055
EBS_SLOPE,2008,32,55,30576,8610.9642840411
EBS_SLOPE,2008,32,56,30576,3668.26273955934
EBS_SLOPE,2008,32,58,30576,12396.9416695142
EBS_SLOPE,2008,32,60,30576,8610.9642840411
EBS_SLOPE,2008,32,61,30576,4305.48214202055
EBS_SLOPE,2008,32,62,30576,12396.9416695142
EBS_SLOPE,2008,32,63,30576,3668.26273955934
EBS_SLOPE,2008,32,64,30576,8610.9642840411
EBS_SLOPE,2008,32,65,30576,8091.45952749367
EBS_SLOPE,2008,32,67,30576,4305.48214202055
EBS_SLOPE,2008,32,68,30576,4305.48214202055
EBS_SLOPE,2008,32,71,30576,8610.9642840411
EBS_SLOPE,2008,32,73,30576,3785.97738547312
EBS_SLOPE,2008,32,74,30576,4305.48214202055
EBS_SLOPE,2008,32,76,30576,3785.97738547312
EBS_SLOPE,2010,41,24,30576,2890.98649418131
EBS_SLOPE,2010,41,25,30576,5781.97298836262
EBS_SLOPE,2010,41,26,30576,2890.98649418131
EBS_SLOPE,2010,41,27,30576,5781.97298836262
EBS_SLOPE,2010,41,28,30576,2890.98649418131
EBS_SLOPE,2010,41,30,30576,2890.98649418131
EBS_SLOPE,2010,41,32,30576,8672.95948254392
EBS_SLOPE,2010,41,33,30576,2890.98649418131
EBS_SLOPE,2010,41,34,30576,17345.9189650879
EBS_SLOPE,2010,41,35,30576,11563.9459767252
EBS_SLOPE,2010,41,36,30576,2890.98649418131
EBS_SLOPE,2010,41,37,30576,8498.60352075405
EBS_SLOPE,2010,41,38,30576,2890.98649418131
EBS_SLOPE,2010,41,39,30576,5781.97298836262
EBS_SLOPE,2010,41,40,30576,2890.98649418131
EBS_SLOPE,2010,41,41,30576,66025.3693963588
EBS_SLOPE,2010,41,43,30576,11563.9459767252
EBS_SLOPE,2010,41,44,30576,5557.05654207643
EBS_SLOPE,2010,41,45,30576,5781.97298836262
EBS_SLOPE,2010,41,46,30576,2890.98649418131
EBS_SLOPE,2010,41,47,30576,5781.97298836262
EBS_SLOPE,2010,41,48,30576,5781.97298836262
EBS_SLOPE,2010,41,49,30576,14454.9324709065
EBS_SLOPE,2010,41,50,30576,63134.3829021775
EBS_SLOPE,2010,41,51,30576,2890.98649418131
EBS_SLOPE,2010,41,52,30576,2890.98649418131
EBS_SLOPE,2010,41,54,30576,2890.98649418131
EBS_SLOPE,2010,41,58,30576,5557.05654207643
EBS_SLOPE,2010,41,59,30576,2890.98649418131
EBS_SLOPE,2010,41,61,30576,2666.07004789512
EBS_SLOPE,2010,41,67,30576,2890.98649418131
EBS_SLOPE,2010,41,68,30576,2716.63053239143
EBS_SLOPE,2010,41,70,30576,5382.70058028656
EBS_SLOPE,2010,41,72,30576,5557.05654207643
EBS_SLOPE,2010,41,74,30576,2890.98649418131
EBS_SLOPE,2010,41,82,30576,2890.98649418131
EBS_SLOPE,2010,41,95,30576,2890.98649418131
EBS_SLOPE,2010,42,42,30576,4618.47600346485
EBS_SLOPE,2010,42,54,30576,4618.47600346485
EBS_SLOPE,2010,42,63,30576,4618.47600346485
EBS_SLOPE,2010,52,43,30576,3341.74962070975
EBS_SLOPE,2010,52,50,30576,3341.74962070975
EBS_SLOPE,2010,62,49,30576,3293.51052405896
EBS_SLOPE,2010,62,57,30576,3293.51052405896
EBS_SLOPE,2010,62,60,30576,7979.90983189735
EBS_SLOPE,2010,62,74,30576,3468.00553268703
EBS_SLOPE,2012,1,27,30576,4256.78431502832
EBS_SLOPE,2012,1,41,30576,4854.69443815198
EBS_SLOPE,2012,1,52,30576,13214.294719187
EBS_SLOPE,2012,1,53,30576,4790.89413776064
EBS_SLOPE,2012,1,58,30576,4256.78431502832
EBS_SLOPE,2012,1,60,30576,4256.78431502832
EBS_SLOPE,2012,1,62,30576,4256.78431502832
EBS_SLOPE,2012,1,63,30576,4256.78431502832
EBS_SLOPE,2004,12,47,30576,2375.05103755094
EBS_SLOPE,2004,12,63,30576,2904.68250925484
EBS_SLOPE,2004,13,46,30576,3139.59151773896
EBS_SLOPE,2004,21,20,30576,2538.23640177015
EBS_SLOPE,2004,21,21,30576,2538.23640177015
EBS_SLOPE,2004,21,28,30576,7614.70920531045
EBS_SLOPE,2004,21,48,30576,2538.23640177015
EBS_SLOPE,2004,21,50,30576,2538.23640177015
EBS_SLOPE,2004,21,67,30576,2538.23640177015
EBS_SLOPE,2004,21,73,30576,2538.23640177015
EBS_SLOPE,2004,21,82,30576,2992.12322046939
EBS_SLOPE,2004,21,96,30576,2538.23640177015
EBS_SLOPE,2004,22,8,30576,3488.9170380731
EBS_SLOPE,2004,22,16,30576,3488.9170380731
EBS_SLOPE,2004,22,17,30576,7390.53695115093
EBS_SLOPE,2004,22,18,30576,3488.9170380731
EBS_SLOPE,2004,22,19,30576,3901.61991307784
EBS_SLOPE,2004,22,20,30576,3488.9170380731
EBS_SLOPE,2004,22,22,30576,3901.61991307784
EBS_SLOPE,2004,22,26,30576,3488.9170380731
EBS_SLOPE,2004,22,31,30576,6977.8340761462
EBS_SLOPE,2004,22,34,30576,3488.9170380731
EBS_SLOPE,2004,22,41,30576,3488.9170380731
EBS_SLOPE,2004,22,43,30576,3488.9170380731
EBS_SLOPE,2004,22,48,30576,8332.06551904893
EBS_SLOPE,2004,22,49,30576,3348.85326088041
EBS_SLOPE,2004,22,50,30576,3488.9170380731
EBS_SLOPE,2004,22,51,30576,11820.982557122
EBS_SLOPE,2004,22,53,30576,6977.8340761462
EBS_SLOPE,2004,22,54,30576,3488.9170380731
EBS_SLOPE,2004,22,57,30576,3488.9170380731
EBS_SLOPE,2004,23,62,30576,2974.77109869607
EBS_SLOPE,2004,23,65,30576,2974.77109869607
EBS_SLOPE,2004,23,80,30576,2974.77109869607
EBS_SLOPE,2004,24,29,30576,6140.02633461598
EBS_SLOPE,2004,31,39,30576,5282.86260269722
EBS_SLOPE,2004,31,47,30576,5282.86260269722
EBS_SLOPE,2004,31,57,30576,5601.94835932904
EBS_SLOPE,2004,31,63,30576,5282.86260269722
EBS_SLOPE,2004,31,64,30576,3390.47390960995
EBS_SLOPE,2004,31,65,30576,5601.94835932904
EBS_SLOPE,2004,31,66,30576,10884.8109620263
EBS_SLOPE,2004,31,67,30576,5601.94835932904
EBS_SLOPE,2004,31,84,30576,5601.94835932904
EBS_SLOPE,2004,31,91,30576,5282.86260269722
EBS_SLOPE,2004,31,97,30576,4877.79643371215
EBS_SLOPE,2004,32,33,30576,6616.95765966128
EBS_SLOPE,2004,32,36,30576,6616.95765966128
EBS_SLOPE,2004,32,45,30576,10867.7875507659
EBS_SLOPE,2004,32,46,30576,8310.22956684628
EBS_SLOPE,2004,32,47,30576,4250.82989110459
EBS_SLOPE,2004,32,48,30576,10867.7875507659
EBS_SLOPE,2004,32,49,30576,8310.22956684628
EBS_SLOPE,2004,32,50,30576,14007.6527158653
EBS_SLOPE,2004,32,51,30576,4250.82989110459
EBS_SLOPE,2004,32,52,30576,4250.82989110459
EBS_SLOPE,2008,32,77,30576,4305.48214202055
EBS_SLOPE,2008,32,82,30576,4305.48214202055
EBS_SLOPE,2008,33,49,30576,3925.29534175333
EBS_SLOPE,2008,33,63,30576,3925.29534175333
EBS_SLOPE,2008,41,16,30576,8507.90867449184
EBS_SLOPE,2008,41,18,30576,4253.95433724592
EBS_SLOPE,2008,41,19,30576,4253.95433724592
EBS_SLOPE,2008,41,24,30576,8507.90867449184
EBS_SLOPE,2008,41,25,30576,4253.95433724592
EBS_SLOPE,2008,41,26,30576,4253.95433724592
EBS_SLOPE,2008,41,27,30576,8507.90867449184
EBS_SLOPE,2008,41,30,30576,4253.95433724592
EBS_SLOPE,2008,41,31,30576,12761.8630117378
EBS_SLOPE,2008,41,32,30576,4253.95433724592
EBS_SLOPE,2008,41,34,30576,12761.8630117378
EBS_SLOPE,2008,41,35,30576,14711.0579937834
EBS_SLOPE,2008,41,36,30576,17015.8173489837
EBS_SLOPE,2008,41,37,30576,10457.1036565374
EBS_SLOPE,2008,41,38,30576,10457.1036565374
EBS_SLOPE,2008,41,39,30576,8507.90867449184
EBS_SLOPE,2008,41,40,30576,12761.8630117378
EBS_SLOPE,2008,41,41,30576,12761.8630117378
EBS_SLOPE,2008,41,42,30576,8507.90867449184
EBS_SLOPE,2008,41,43,30576,16660.252975829
EBS_SLOPE,2008,41,44,30576,17015.8173489837
EBS_SLOPE,2008,41,45,30576,18965.0123310293
EBS_SLOPE,2008,41,47,30576,20914.2073130749
EBS_SLOPE,2008,41,49,30576,4253.95433724592
EBS_SLOPE,2008,41,50,30576,21443.6242834011
EBS_SLOPE,2008,41,51,30576,12761.8630117378
EBS_SLOPE,2008,41,52,30576,12935.7156089093
EBS_SLOPE,2008,41,53,30576,23392.8192654467
EBS_SLOPE,2008,41,54,30576,21791.3294777441
EBS_SLOPE,2008,41,55,30576,32422.285731453
EBS_SLOPE,2008,41,56,30576,30117.5263762527
EBS_SLOPE,2008,41,57,30576,4253.95433724592
EBS_SLOPE,2008,41,58,30576,21965.1820749156
EBS_SLOPE,2008,41,59,30576,15058.7631881263
EBS_SLOPE,2008,41,60,30576,17711.2277376696
EBS_SLOPE,2008,41,61,30576,39676.4098125852
EBS_SLOPE,2008,41,62,30576,35422.4554753393
EBS_SLOPE,2008,41,63,30576,39850.2624097567
EBS_SLOPE,2008,41,64,30576,30117.5263762527
EBS_SLOPE,2008,41,65,30576,39502.5572154137
EBS_SLOPE,2008,41,66,30576,17711.2277376696
EBS_SLOPE,2008,41,67,30576,8855.61386883482
EBS_SLOPE,2008,41,68,30576,13109.5682060807
EBS_SLOPE,2008,41,69,30576,28168.3313942071
EBS_SLOPE,2008,41,70,30576,8855.61386883482
EBS_SLOPE,2008,41,72,30576,8681.76127166333
EBS_SLOPE,2008,41,74,30576,16834.1055730005
EBS_SLOPE,2008,41,75,30576,4427.80693441741
EBS_SLOPE,2008,41,77,30576,14884.9105909549
EBS_SLOPE,2012,1,64,30576,4256.78431502832
EBS_SLOPE,2012,1,65,30576,4256.78431502832
EBS_SLOPE,2012,1,70,30576,4256.78431502832
EBS_SLOPE,2012,2,20,30576,4960.25227424832
EBS_SLOPE,2012,2,23,30576,4404.35669350527
EBS_SLOPE,2012,2,25,30576,4404.35669350527
EBS_SLOPE,2012,2,27,30576,4404.35669350527
EBS_SLOPE,2012,2,30,30576,8808.71338701055
EBS_SLOPE,2012,2,32,30576,8808.71338701055
EBS_SLOPE,2012,2,39,30576,4509.1283829095
EBS_SLOPE,2012,2,41,30576,4404.35669350527
EBS_SLOPE,2012,2,43,30576,9920.50454849664
EBS_SLOPE,2012,2,45,30576,9364.60896775359
EBS_SLOPE,2012,2,46,30576,4404.35669350527
EBS_SLOPE,2012,2,47,30576,4960.25227424832
EBS_SLOPE,2012,2,48,30576,4960.25227424832
EBS_SLOPE,2012,2,49,30576,13879.9829684827
EBS_SLOPE,2012,2,50,30576,8808.71338701055
EBS_SLOPE,2012,2,51,30576,4404.35669350527
EBS_SLOPE,2012,2,52,30576,22021.7834675264
EBS_SLOPE,2012,2,53,30576,8808.71338701055
EBS_SLOPE,2012,2,54,30576,4960.25227424832
EBS_SLOPE,2012,2,56,30576,13213.0700805158
EBS_SLOPE,2012,2,57,30576,8808.71338701055
EBS_SLOPE,2012,2,58,30576,8808.71338701055
EBS_SLOPE,2012,2,59,30576,4404.35669350527
EBS_SLOPE,2012,2,60,30576,4404.35669350527
EBS_SLOPE,2012,2,61,30576,13213.0700805158
EBS_SLOPE,2012,2,62,30576,4404.35669350527
EBS_SLOPE,2012,2,63,30576,4404.35669350527
EBS_SLOPE,2012,2,65,30576,4404.35669350527
EBS_SLOPE,2012,2,67,30576,9364.60896775359
EBS_SLOPE,2012,2,68,30576,8808.71338701055
EBS_SLOPE,2012,2,70,30576,5068.32420725439
EBS_SLOPE,2012,2,81,30576,4509.1283829095
EBS_SLOPE,2012,2,82,30576,9469.38065715782
EBS_SLOPE,2012,2,84,30576,4404.35669350527
EBS_SLOPE,2012,2,87,30576,4960.25227424832
EBS_SLOPE,2012,3,22,30576,5462.08817723063
EBS_SLOPE,2012,3,25,30576,5462.08817723063
EBS_SLOPE,2012,3,29,30576,5462.08817723063
EBS_SLOPE,2012,3,30,30576,5221.66949202856
EBS_SLOPE,2012,3,31,30576,5462.08817723063
EBS_SLOPE,2012,3,32,30576,5462.08817723063
EBS_SLOPE,2012,3,40,30576,16386.2645316919
EBS_SLOPE,2012,3,41,30576,5221.66949202856
EBS_SLOPE,2012,3,42,30576,5221.66949202856
EBS_SLOPE,2012,3,43,30576,5462.08817723063
EBS_SLOPE,2012,3,44,30576,5462.08817723063
EBS_SLOPE,2012,3,47,30576,5462.08817723063
EBS_SLOPE,2012,3,48,30576,25302.1632075351
EBS_SLOPE,2012,3,50,30576,25737.0258564451
EBS_SLOPE,2012,3,51,30576,21127.0966533163
EBS_SLOPE,2016,22,37,30576,3032.15684744553
EBS_SLOPE,2016,22,38,30576,6537.94602001723
EBS_SLOPE,2016,22,39,30576,3032.15684744553
EBS_SLOPE,2016,22,40,30576,13847.0571148164
EBS_SLOPE,2016,22,41,30576,6537.94602001723
EBS_SLOPE,2016,22,42,30576,7011.5783451434
EBS_SLOPE,2016,22,43,30576,12602.2597149083
EBS_SLOPE,2016,22,44,30576,9096.47054233659
EBS_SLOPE,2016,22,45,30576,3032.15684744553
EBS_SLOPE,2016,22,46,30576,12602.2597149083
EBS_SLOPE,2016,22,47,30576,10043.7351925889
EBS_SLOPE,2016,22,48,30576,10043.7351925889
EBS_SLOPE,2016,22,49,30576,13367.8383144614
EBS_SLOPE,2016,22,50,30576,3505.7891725717
EBS_SLOPE,2016,22,51,30576,6537.94602001723
EBS_SLOPE,2016,22,53,30576,7011.5783451434
EBS_SLOPE,2016,22,55,30576,10517.3675177151
EBS_SLOPE,2016,22,57,30576,14023.1566902868
EBS_SLOPE,2016,22,58,30576,3505.7891725717
EBS_SLOPE,2016,22,59,30576,3505.7891725717
EBS_SLOPE,2016,22,60,30576,3505.7891725717
EBS_SLOPE,2016,22,63,30576,7011.5783451434
EBS_SLOPE,2016,22,66,30576,3505.7891725717
EBS_SLOPE,2016,22,68,30576,3505.7891725717
EBS_SLOPE,2016,22,70,30576,3505.7891725717
EBS_SLOPE,2016,22,74,30576,3505.7891725717
EBS_SLOPE,2016,22,89,30576,3505.7891725717
EBS_SLOPE,2016,31,43,30576,4793.7518173159
EBS_SLOPE,2016,31,47,30576,14976.6832120867
EBS_SLOPE,2016,31,49,30576,7488.34160604335
EBS_SLOPE,2016,31,56,30576,7488.34160604335
EBS_SLOPE,2016,31,67,30576,7488.34160604335
EBS_SLOPE,2016,31,70,30576,7488.34160604335
EBS_SLOPE,2016,31,84,30576,4920.05388099277
EBS_SLOPE,2016,31,89,30576,14976.6832120867
EBS_SLOPE,2016,32,26,30576,5683.16037917367
EBS_SLOPE,2016,32,38,30576,4889.80923189904
EBS_SLOPE,2016,32,39,30576,4889.80923189904
EBS_SLOPE,2016,32,43,30576,52061.9104968381
EBS_SLOPE,2016,32,44,30576,4889.80923189904
EBS_SLOPE,2016,32,45,30576,5683.16037917367
EBS_SLOPE,2016,32,46,30576,26680.2244305662
EBS_SLOPE,2016,32,47,30576,9779.61846379808
EBS_SLOPE,2016,32,48,30576,12943.4366416458
EBS_SLOPE,2016,32,49,30576,22723.0551054439
EBS_SLOPE,2016,32,50,30576,4889.80923189904
EBS_SLOPE,2016,32,52,30576,15462.7788429717
EBS_SLOPE,2016,32,53,30576,4889.80923189904
EBS_SLOPE,2016,32,54,30576,29338.8553913942
EBS_SLOPE,2016,32,55,30576,45446.1102108878
EBS_SLOPE,2016,32,56,30576,24449.0461594952
EBS_SLOPE,2016,32,57,30576,46239.4613581624
EBS_SLOPE,2016,32,58,30576,19559.2369275962
EBS_SLOPE,2004,32,53,30576,15118.6174418704
EBS_SLOPE,2004,32,54,30576,12561.0594579509
EBS_SLOPE,2004,32,55,30576,12277.2293675353
EBS_SLOPE,2004,32,56,30576,6616.95765966128
EBS_SLOPE,2004,32,57,30576,14927.1872265076
EBS_SLOPE,2004,32,58,30576,10676.357335403
EBS_SLOPE,2004,32,59,30576,4250.82989110459
EBS_SLOPE,2004,32,60,30576,14927.1872265076
EBS_SLOPE,2004,32,61,30576,4250.82989110459
EBS_SLOPE,2004,32,62,30576,21544.1448861688
EBS_SLOPE,2004,32,63,30576,4250.82989110459
EBS_SLOPE,2004,32,65,30576,6616.95765966128
EBS_SLOPE,2004,32,74,30576,4250.82989110459
EBS_SLOPE,2004,32,75,30576,4250.82989110459
EBS_SLOPE,2004,32,91,30576,4250.82989110459
EBS_SLOPE,2004,33,56,30576,4082.59699997011
EBS_SLOPE,2004,41,9,30576,3781.09706543017
EBS_SLOPE,2004,41,10,30576,3781.09706543017
EBS_SLOPE,2004,41,14,30576,3781.09706543017
EBS_SLOPE,2004,41,16,30576,3781.09706543017
EBS_SLOPE,2004,41,17,30576,11343.2911962905
EBS_SLOPE,2004,41,18,30576,11283.3809275603
EBS_SLOPE,2004,41,19,30576,3781.09706543017
EBS_SLOPE,2004,41,20,30576,11283.3809275603
EBS_SLOPE,2004,41,21,30576,7562.19413086034
EBS_SLOPE,2004,41,22,30576,33969.9633201413
EBS_SLOPE,2004,41,23,30576,26407.7691892809
EBS_SLOPE,2004,41,24,30576,3781.09706543017
EBS_SLOPE,2004,41,26,30576,7562.19413086034
EBS_SLOPE,2004,41,27,30576,18845.5750584206
EBS_SLOPE,2004,41,28,30576,22566.7618551206
EBS_SLOPE,2004,41,29,30576,11343.2911962905
EBS_SLOPE,2004,41,30,30576,18785.6647896904
EBS_SLOPE,2004,41,31,30576,15064.4779929904
EBS_SLOPE,2004,41,32,30576,3781.09706543017
EBS_SLOPE,2004,41,33,30576,3781.09706543017
EBS_SLOPE,2004,41,34,30576,7502.28386213011
EBS_SLOPE,2004,41,36,30576,11343.2911962905
EBS_SLOPE,2004,41,37,30576,15124.3882617207
EBS_SLOPE,2004,41,38,30576,7502.28386213011
EBS_SLOPE,2004,41,41,30576,7502.28386213011
EBS_SLOPE,2004,41,42,30576,7502.28386213011
EBS_SLOPE,2004,41,43,30576,3721.18679669994
EBS_SLOPE,2004,41,44,30576,7604.65963015086
EBS_SLOPE,2004,41,45,30576,3781.09706543017
EBS_SLOPE,2004,41,46,30576,11325.8464268508
EBS_SLOPE,2004,41,47,30576,3721.18679669994
EBS_SLOPE,2004,41,52,30576,3721.18679669994
EBS_SLOPE,2004,41,53,30576,3721.18679669994
EBS_SLOPE,2004,41,54,30576,7442.37359339989
EBS_SLOPE,2004,41,60,30576,3883.47283345092
EBS_SLOPE,2004,41,61,30576,3781.09706543017
EBS_SLOPE,2004,41,62,30576,7502.28386213011
EBS_SLOPE,2004,41,63,30576,3781.09706543017
EBS_SLOPE,2008,41,78,30576,17711.2277376696
EBS_SLOPE,2008,41,79,30576,4427.80693441741
EBS_SLOPE,2008,41,81,30576,6203.14931929153
EBS_SLOPE,2008,41,84,30576,6203.14931929153
EBS_SLOPE,2008,41,85,30576,4427.80693441741
EBS_SLOPE,2008,41,86,30576,10457.1036565374
EBS_SLOPE,2008,41,93,30576,4253.95433724592
EBS_SLOPE,2008,41,94,30576,6203.14931929153
EBS_SLOPE,2008,41,95,30576,4253.95433724592
EBS_SLOPE,2008,42,47,30576,7111.41620370286
EBS_SLOPE,2008,42,48,30576,7111.41620370286
EBS_SLOPE,2008,42,53,30576,3555.70810185143
EBS_SLOPE,2008,42,54,30576,3555.70810185143
EBS_SLOPE,2008,42,57,30576,3555.70810185143
EBS_SLOPE,2008,42,58,30576,3555.70810185143
EBS_SLOPE,2008,42,59,30576,3555.70810185143
EBS_SLOPE,2008,42,62,30576,3555.70810185143
EBS_SLOPE,2008,42,64,30576,3555.70810185143
EBS_SLOPE,2008,42,66,30576,3555.70810185143
EBS_SLOPE,2008,42,72,30576,3555.70810185143
EBS_SLOPE,2008,61,46,30576,3911.77907493516
EBS_SLOPE,2008,61,86,30576,3679.40880032928
EBS_SLOPE,2008,62,47,30576,4095.70461682912
EBS_SLOPE,2008,62,52,30576,4143.06771936043
EBS_SLOPE,2008,62,59,30576,3560.57980375685
EBS_SLOPE,2008,62,79,30576,3560.57980375685
EBS_SLOPE,2010,1,33,30576,5709.8076560883
EBS_SLOPE,2010,1,47,30576,6622.47591279638
EBS_SLOPE,2010,1,51,30576,14579.0186383711
EBS_SLOPE,2010,1,55,30576,2948.67318713496
EBS_SLOPE,2010,1,59,30576,9722.86239276844
EBS_SLOPE,2010,1,60,30576,3312.90207760614
EBS_SLOPE,2010,1,61,30576,9722.86239276844
EBS_SLOPE,2010,1,66,30576,2705.68241029563
EBS_SLOPE,2010,1,69,30576,9722.86239276844
EBS_SLOPE,2010,1,70,30576,5033.24469656467
EBS_SLOPE,2010,1,72,30576,9722.86239276844
EBS_SLOPE,2010,1,86,30576,9722.86239276844
EBS_SLOPE,2010,2,13,30576,4128.75641733739
EBS_SLOPE,2010,2,17,30576,2487.03177347773
EBS_SLOPE,2010,2,18,30576,2487.03177347773
EBS_SLOPE,2010,2,19,30576,2985.84883607477
EBS_SLOPE,2010,2,20,30576,8377.42921288316
EBS_SLOPE,2010,2,21,30576,2985.84883607477
EBS_SLOPE,2010,2,25,30576,2487.03177347773
EBS_SLOPE,2010,2,26,30576,4128.75641733739
EBS_SLOPE,2010,2,27,30576,4128.75641733739
EBS_SLOPE,2010,2,28,30576,4128.75641733739
EBS_SLOPE,2010,2,29,30576,5561.57697870311
EBS_SLOPE,2010,2,30,30576,2575.72814262834
EBS_SLOPE,2010,2,31,30576,2487.03177347773
EBS_SLOPE,2010,2,33,30576,9601.63702688989
EBS_SLOPE,2010,2,36,30576,9649.85638183488
EBS_SLOPE,2010,2,38,30576,14898.6487988998
EBS_SLOPE,2010,2,40,30576,11123.1539574062
EBS_SLOPE,2012,3,52,30576,31330.0169521714
EBS_SLOPE,2012,3,53,30576,21367.5153385184
EBS_SLOPE,2012,3,55,30576,36053.5026563181
EBS_SLOPE,2012,3,56,30576,14926.4060030017
EBS_SLOPE,2012,3,57,30576,31330.0169521714
EBS_SLOPE,2012,3,58,30576,5221.66949202856
EBS_SLOPE,2012,3,59,30576,20886.6779681142
EBS_SLOPE,2012,3,60,30576,35264.6648211881
EBS_SLOPE,2012,3,61,30576,55471.7193780899
EBS_SLOPE,2012,3,62,30576,40726.7529984188
EBS_SLOPE,2012,3,63,30576,24690.4229186354
EBS_SLOPE,2012,3,66,30576,20704.6348630562
EBS_SLOPE,2012,3,67,30576,4850.34788833089
EBS_SLOPE,2012,3,68,30576,5221.66949202856
EBS_SLOPE,2012,3,69,30576,19599.6563451024
EBS_SLOPE,2012,3,70,30576,10130.996442231
EBS_SLOPE,2012,3,71,30576,19599.6563451024
EBS_SLOPE,2012,3,73,30576,14377.9868530739
EBS_SLOPE,2012,3,75,30576,14377.9868530739
EBS_SLOPE,2012,3,76,30576,5221.66949202856
EBS_SLOPE,2012,3,77,30576,34218.0618833784
EBS_SLOPE,2012,3,80,30576,14377.9868530739
EBS_SLOPE,2012,3,82,30576,5221.66949202856
EBS_SLOPE,2012,3,86,30576,57511.9474122955
EBS_SLOPE,2012,3,89,30576,28755.9737061477
EBS_SLOPE,2012,3,90,30576,43133.9605592216
EBS_SLOPE,2012,3,91,30576,28755.9737061477
EBS_SLOPE,2012,3,92,30576,14377.9868530739
EBS_SLOPE,2012,3,95,30576,71889.9342653694
EBS_SLOPE,2012,3,97,30576,14377.9868530739
EBS_SLOPE,2012,3,98,30576,28755.9737061477
EBS_SLOPE,2012,3,99,30576,14377.9868530739
EBS_SLOPE,2012,4,17,30576,4110.70716658329
EBS_SLOPE,2012,4,38,30576,4103.56940586316
EBS_SLOPE,2012,4,42,30576,8865.43308204376
EBS_SLOPE,2012,4,47,30576,7882.29771361633
EBS_SLOPE,2012,4,50,30576,4761.86367618061
EBS_SLOPE,2012,4,51,30576,3778.72830775317
EBS_SLOPE,2012,4,52,30576,13627.2967582244
EBS_SLOPE,2012,4,53,30576,7557.45661550634
EBS_SLOPE,2012,4,54,30576,13627.2967582244
EBS_SLOPE,2012,4,55,30576,7557.45661550634
EBS_SLOPE,2012,4,56,30576,13627.2967582244
EBS_SLOPE,2012,4,57,30576,28083.9157189196
EBS_SLOPE,2012,4,58,30576,21184.7533737307
EBS_SLOPE,2012,4,59,30576,12310.7082175895
EBS_SLOPE,2012,4,60,30576,20526.4591034133
EBS_SLOPE,2012,4,61,30576,20201.6180053033
EBS_SLOPE,2012,4,62,30576,12319.3202916869
EBS_SLOPE,2012,4,63,30576,17081.1839678675
EBS_SLOPE,2012,4,64,30576,12319.3202916869
EBS_SLOPE,2012,4,65,30576,7882.29771361633
EBS_SLOPE,2004,41,65,30576,3883.47283345092
EBS_SLOPE,2004,41,66,30576,3781.09706543017
EBS_SLOPE,2004,41,67,30576,11445.6669643113
EBS_SLOPE,2004,41,68,30576,3781.09706543017
EBS_SLOPE,2004,41,70,30576,3883.47283345092
EBS_SLOPE,2004,41,71,30576,3883.47283345092
EBS_SLOPE,2004,41,74,30576,3883.47283345092
EBS_SLOPE,2004,41,79,30576,3883.47283345092
EBS_SLOPE,2004,41,90,30576,3721.18679669994
EBS_SLOPE,2004,42,38,30576,3726.23729726037
EBS_SLOPE,2004,42,44,30576,3698.58893021221
EBS_SLOPE,2004,42,47,30576,7452.47459452074
EBS_SLOPE,2004,42,50,30576,4146.90638001845
EBS_SLOPE,2004,42,51,30576,3726.23729726037
EBS_SLOPE,2004,42,53,30576,7427.67587135889
EBS_SLOPE,2004,42,60,30576,3726.23729726037
EBS_SLOPE,2004,42,61,30576,7452.47459452074
EBS_SLOPE,2004,42,66,30576,3726.23729726037
EBS_SLOPE,2004,42,78,30576,4146.90638001845
EBS_SLOPE,2004,52,33,30576,3413.69190950407
EBS_SLOPE,2004,52,34,30576,3413.69190950407
EBS_SLOPE,2004,52,37,30576,3413.69190950407
EBS_SLOPE,2004,52,38,30576,3413.69190950407
EBS_SLOPE,2004,52,40,30576,8254.26587622018
EBS_SLOPE,2004,52,45,30576,3413.69190950407
EBS_SLOPE,2004,52,46,30576,10241.0757285122
EBS_SLOPE,2004,52,50,30576,8254.26587622018
EBS_SLOPE,2004,52,57,30576,3413.69190950407
EBS_SLOPE,2004,52,78,30576,3413.69190950407
EBS_SLOPE,2004,61,41,30576,4485.57056995409
EBS_SLOPE,2004,61,90,30576,4618.81822655184
EBS_SLOPE,2004,62,32,30576,7485.69023679844
EBS_SLOPE,2004,62,41,30576,4591.92760407076
EBS_SLOPE,2004,62,42,30576,7485.69023679844
EBS_SLOPE,2004,62,49,30576,3974.77312473275
EBS_SLOPE,2004,62,50,30576,7485.69023679844
EBS_SLOPE,2004,62,57,30576,4591.92760407076
EBS_SLOPE,2004,62,62,30576,3974.77312473275
EBS_SLOPE,2004,62,63,30576,8566.70072880352
EBS_SLOPE,2008,1,39,30576,7636.10069002738
EBS_SLOPE,2008,1,50,30576,3818.05034501369
EBS_SLOPE,2008,1,54,30576,3818.05034501369
EBS_SLOPE,2008,1,60,30576,4077.7780582545
EBS_SLOPE,2008,1,61,30576,4077.7780582545
EBS_SLOPE,2008,1,62,30576,4011.73602834724
EBS_SLOPE,2008,2,19,30576,4011.03333443516
EBS_SLOPE,2008,2,20,30576,3841.46285651521
EBS_SLOPE,2008,2,21,30576,7976.66030834194
EBS_SLOPE,2008,2,22,30576,4011.03333443516
EBS_SLOPE,2008,2,23,30576,3841.46285651521
EBS_SLOPE,2008,2,25,30576,7682.92571303043
EBS_SLOPE,2008,2,26,30576,5603.30476211487
EBS_SLOPE,2008,2,27,30576,11818.1231648572
EBS_SLOPE,2008,2,31,30576,11987.6936427771
EBS_SLOPE,2008,2,34,30576,3841.46285651521
EBS_SLOPE,2010,2,42,30576,2487.03177347773
EBS_SLOPE,2010,2,43,30576,13515.2675076877
EBS_SLOPE,2010,2,44,30576,11122.8043390085
EBS_SLOPE,2010,2,46,30576,12845.8292156122
EBS_SLOPE,2010,2,47,30576,5971.69767214954
EBS_SLOPE,2010,2,48,30576,5971.69767214954
EBS_SLOPE,2010,2,49,30576,2985.84883607477
EBS_SLOPE,2010,2,50,30576,13255.9499090587
EBS_SLOPE,2010,2,51,30576,16920.271815334
EBS_SLOPE,2010,2,52,30576,11245.9652539993
EBS_SLOPE,2010,2,53,30576,21379.2874215402
EBS_SLOPE,2010,2,54,30576,11582.6556377435
EBS_SLOPE,2010,2,55,30576,2985.84883607477
EBS_SLOPE,2010,2,56,30576,7284.25223690912
EBS_SLOPE,2010,2,57,30576,14344.5436727056
EBS_SLOPE,2010,2,58,30576,20179.4624394122
EBS_SLOPE,2010,2,60,30576,14615.128453149
EBS_SLOPE,2010,2,61,30576,4298.40340083435
EBS_SLOPE,2010,2,62,30576,4298.40340083435
EBS_SLOPE,2010,2,65,30576,2512.37954688763
EBS_SLOPE,2010,2,66,30576,15470.9383451314
EBS_SLOPE,2010,2,67,30576,7740.99690968632
EBS_SLOPE,2010,2,70,30576,8596.80680166869
EBS_SLOPE,2010,2,72,30576,7740.99690968632
EBS_SLOPE,2010,2,73,30576,4298.40340083435
EBS_SLOPE,2010,2,74,30576,4298.40340083435
EBS_SLOPE,2010,2,76,30576,10502.8849446485
EBS_SLOPE,2010,2,77,30576,4298.40340083435
EBS_SLOPE,2010,2,81,30576,4298.40340083435
EBS_SLOPE,2010,2,84,30576,7740.99690968632
EBS_SLOPE,2010,2,85,30576,15481.9938193726
EBS_SLOPE,2010,2,86,30576,2487.03177347773
EBS_SLOPE,2010,2,88,30576,4128.75641733739
EBS_SLOPE,2010,2,90,30576,15481.9938193726
EBS_SLOPE,2010,2,91,30576,4298.40340083435
EBS_SLOPE,2010,2,93,30576,7740.99690968632
EBS_SLOPE,2010,3,35,30576,11596.3230013586
EBS_SLOPE,2010,3,36,30576,2251.95213761695
EBS_SLOPE,2010,3,39,30576,2251.95213761695
EBS_SLOPE,2010,3,40,30576,5430.3326609849
EBS_SLOPE,2010,3,43,30576,4503.90427523389
EBS_SLOPE,2010,3,45,30576,1998.20463309195
EBS_SLOPE,2010,3,46,30576,2582.39518544249
EBS_SLOPE,2010,3,47,30576,1998.20463309195
EBS_SLOPE,2010,3,48,30576,1998.20463309195
EBS_SLOPE,2010,3,51,30576,4834.34732305944
EBS_SLOPE,2010,3,52,30576,16919.1548668321
EBS_SLOPE,2010,3,53,30576,9414.94714159388
EBS_SLOPE,2010,3,54,30576,13848.2751389755
EBS_SLOPE,2010,3,55,30576,4503.90427523389
EBS_SLOPE,2010,3,58,30576,2582.39518544249
EBS_SLOPE,2010,3,60,30576,4503.90427523389
EBS_SLOPE,2012,4,67,30576,13302.4556601144
EBS_SLOPE,2012,4,68,30576,4761.86367618061
EBS_SLOPE,2012,4,70,30576,4761.86367618061
EBS_SLOPE,2012,4,72,30576,4103.56940586316
EBS_SLOPE,2012,4,73,30576,13847.2100779523
EBS_SLOPE,2012,4,76,30576,4103.56940586316
EBS_SLOPE,2012,4,77,30576,4103.56940586316
EBS_SLOPE,2012,4,89,30576,13847.2100779523
EBS_SLOPE,2012,4,96,30576,13847.2100779523
EBS_SLOPE,2012,5,22,30576,2742.79005553266
EBS_SLOPE,2012,5,57,30576,2742.79005553266
EBS_SLOPE,2012,5,60,30576,2742.79005553266
EBS_SLOPE,2012,5,68,30576,2742.79005553266
EBS_SLOPE,2012,6,23,30576,8611.69990546474
EBS_SLOPE,2012,6,40,30576,3869.87063921562
EBS_SLOPE,2012,6,48,30576,3869.87063921562
EBS_SLOPE,2012,6,51,30576,4530.81860795904
EBS_SLOPE,2012,6,54,30576,3916.79482648275
EBS_SLOPE,2012,6,56,30576,3869.87063921562
EBS_SLOPE,2012,6,60,30576,18222.0930587882
EBS_SLOPE,2012,6,70,30576,3869.87063921562
EBS_SLOPE,2012,12,27,30576,4256.78431502832
EBS_SLOPE,2012,12,41,30576,4854.69443815198
EBS_SLOPE,2012,12,52,30576,13214.294719187
EBS_SLOPE,2012,12,58,30576,4256.78431502832
EBS_SLOPE,2012,12,59,30576,4256.78431502832
EBS_SLOPE,2012,12,60,30576,4256.78431502832
EBS_SLOPE,2012,12,62,30576,4256.78431502832
EBS_SLOPE,2012,12,63,30576,4256.78431502832
EBS_SLOPE,2012,12,64,30576,4256.78431502832
EBS_SLOPE,2012,12,65,30576,4256.78431502832
EBS_SLOPE,2012,12,70,30576,4256.78431502832
EBS_SLOPE,2012,13,53,30576,4790.89413776064
EBS_SLOPE,2012,21,70,30576,5068.32420725439
EBS_SLOPE,2012,22,20,30576,4960.25227424832
EBS_SLOPE,2012,22,23,30576,4404.35669350527
EBS_SLOPE,2012,22,25,30576,4404.35669350527
EBS_SLOPE,2012,22,27,30576,4404.35669350527
EBS_SLOPE,2012,22,29,30576,4404.35669350527
EBS_SLOPE,2012,22,30,30576,8808.71338701055
EBS_SLOPE,2012,22,32,30576,8808.71338701055
EBS_SLOPE,2012,22,39,30576,4509.1283829095
EBS_SLOPE,2012,22,41,30576,4404.35669350527
EBS_SLOPE,2012,22,43,30576,9920.50454849664
EBS_SLOPE,2012,22,45,30576,9364.60896775359
EBS_SLOPE,2012,22,46,30576,4404.35669350527
EBS_SLOPE,2012,22,47,30576,4960.25227424832
EBS_SLOPE,2012,22,48,30576,4960.25227424832
EBS_SLOPE,2012,22,49,30576,13879.9829684827
EBS_SLOPE,2012,22,50,30576,8808.71338701055
EBS_SLOPE,2012,22,51,30576,4404.35669350527
EBS_SLOPE,2012,22,52,30576,22021.7834675264
EBS_SLOPE,2012,22,53,30576,8808.71338701055
EBS_SLOPE,2008,2,35,30576,11818.1231648572
EBS_SLOPE,2008,2,36,30576,11347.7690399499
EBS_SLOPE,2008,2,37,30576,7976.66030834194
EBS_SLOPE,2008,2,39,30576,3841.46285651521
EBS_SLOPE,2008,2,40,30576,3371.10873160795
EBS_SLOPE,2008,2,41,30576,3841.46285651521
EBS_SLOPE,2008,2,43,30576,7601.78295723371
EBS_SLOPE,2008,2,44,30576,19207.3142825761
EBS_SLOPE,2008,2,45,30576,7601.78295723371
EBS_SLOPE,2008,2,46,30576,5603.30476211487
EBS_SLOPE,2008,2,47,30576,9444.76761863008
EBS_SLOPE,2008,2,48,30576,4011.03333443516
EBS_SLOPE,2008,2,49,30576,7852.49619095037
EBS_SLOPE,2008,2,50,30576,7682.92571303043
EBS_SLOPE,2008,2,51,30576,14895.4973011536
EBS_SLOPE,2008,2,52,30576,15704.9923819007
EBS_SLOPE,2008,2,53,30576,15284.7086702641
EBS_SLOPE,2008,2,54,30576,7682.92571303043
EBS_SLOPE,2008,2,55,30576,19655.280215201
EBS_SLOPE,2008,2,56,30576,22967.6343832946
EBS_SLOPE,2008,2,57,30576,19295.7420046993
EBS_SLOPE,2008,2,58,30576,19207.3142825761
EBS_SLOPE,2008,2,59,30576,7682.92571303043
EBS_SLOPE,2008,2,60,30576,3841.46285651521
EBS_SLOPE,2008,2,61,30576,19207.3142825761
EBS_SLOPE,2008,2,62,30576,19546.455238416
EBS_SLOPE,2008,2,63,30576,15535.4219039808
EBS_SLOPE,2008,2,64,30576,23704.4632707632
EBS_SLOPE,2008,2,66,30576,11524.3885695456
EBS_SLOPE,2008,2,67,30576,4011.03333443516
EBS_SLOPE,2008,2,68,30576,12033.1000033055
EBS_SLOPE,2008,2,69,30576,11863.5295253855
EBS_SLOPE,2008,2,70,30576,8022.06666887031
EBS_SLOPE,2008,2,71,30576,3841.46285651521
EBS_SLOPE,2008,2,73,30576,8169.04136678238
EBS_SLOPE,2008,2,77,30576,3841.46285651521
EBS_SLOPE,2008,2,79,30576,4011.03333443516
EBS_SLOPE,2008,2,80,30576,4011.03333443516
EBS_SLOPE,2008,2,81,30576,4011.03333443516
EBS_SLOPE,2008,2,89,30576,4011.03333443516
EBS_SLOPE,2008,3,37,30576,3639.31170341547
EBS_SLOPE,2008,3,45,30576,8301.25183874883
EBS_SLOPE,2008,3,49,30576,3925.29534175333
EBS_SLOPE,2008,3,51,30576,12106.5772409034
EBS_SLOPE,2008,3,52,30576,8698.46067650482
EBS_SLOPE,2008,3,53,30576,20600.2396506352
EBS_SLOPE,2008,3,54,30576,8493.66240973177
EBS_SLOPE,2008,3,55,30576,12799.1445517523
EBS_SLOPE,2008,3,56,30576,7856.44300727056
EBS_SLOPE,2008,3,58,30576,16127.1583749952
EBS_SLOPE,2008,3,59,30576,7918.39697319219
EBS_SLOPE,2008,3,60,30576,20717.5415249445
EBS_SLOPE,2010,3,61,30576,7892.34894548484
EBS_SLOPE,2010,3,62,30576,2582.39518544249
EBS_SLOPE,2010,3,63,30576,1998.20463309195
EBS_SLOPE,2010,3,64,30576,13848.2751389755
EBS_SLOPE,2010,3,65,30576,12172.5388759788
EBS_SLOPE,2010,3,66,30576,1998.20463309195
EBS_SLOPE,2010,3,67,30576,2251.95213761695
EBS_SLOPE,2010,3,68,30576,8500.3135414178
EBS_SLOPE,2010,3,69,30576,5480.87336006204
EBS_SLOPE,2010,3,70,30576,7574.78400309046
EBS_SLOPE,2010,3,71,30576,1998.20463309195
EBS_SLOPE,2010,3,74,30576,2740.43668003102
EBS_SLOPE,2010,3,76,30576,1998.20463309195
EBS_SLOPE,2010,3,80,30576,7268.05915265501
EBS_SLOPE,2010,3,81,30576,2740.43668003102
EBS_SLOPE,2010,3,83,30576,2582.39518544249
EBS_SLOPE,2010,3,84,30576,1998.20463309195
EBS_SLOPE,2010,3,85,30576,2251.95213761695
EBS_SLOPE,2010,3,86,30576,1998.20463309195
EBS_SLOPE,2010,3,87,30576,2251.95213761695
EBS_SLOPE,2010,3,88,30576,4738.64131312297
EBS_SLOPE,2010,3,90,30576,10219.514673185
EBS_SLOPE,2010,3,91,30576,2740.43668003102
EBS_SLOPE,2010,3,92,30576,2740.43668003102
EBS_SLOPE,2010,3,93,30576,2740.43668003102
EBS_SLOPE,2010,3,94,30576,7479.07799315399
EBS_SLOPE,2010,3,96,30576,2740.43668003102
EBS_SLOPE,2010,3,98,30576,2740.43668003102
EBS_SLOPE,2010,4,15,30576,2890.98649418131
EBS_SLOPE,2010,4,17,30576,5781.97298836262
EBS_SLOPE,2010,4,18,30576,2890.98649418131
EBS_SLOPE,2010,4,19,30576,2890.98649418131
EBS_SLOPE,2010,4,20,30576,2890.98649418131
EBS_SLOPE,2010,4,22,30576,2890.98649418131
EBS_SLOPE,2010,4,23,30576,2890.98649418131
EBS_SLOPE,2010,4,24,30576,2890.98649418131
EBS_SLOPE,2010,4,25,30576,5781.97298836262
EBS_SLOPE,2010,4,26,30576,2890.98649418131
EBS_SLOPE,2010,4,27,30576,5781.97298836262
EBS_SLOPE,2010,4,28,30576,2890.98649418131
EBS_SLOPE,2010,4,32,30576,8672.95948254392
EBS_SLOPE,2010,4,33,30576,2890.98649418131
EBS_SLOPE,2010,4,34,30576,17345.9189650879
EBS_SLOPE,2010,4,35,30576,11563.9459767252
EBS_SLOPE,2010,4,36,30576,2890.98649418131
EBS_SLOPE,2010,4,37,30576,8498.60352075405
EBS_SLOPE,2010,4,38,30576,2890.98649418131
EBS_SLOPE,2010,4,39,30576,5781.97298836262
EBS_SLOPE,2010,4,40,30576,2890.98649418131
EBS_SLOPE,2010,4,41,30576,66025.3693963588
EBS_SLOPE,2010,4,42,30576,4618.47600346485
EBS_SLOPE,2010,4,43,30576,11563.9459767252
EBS_SLOPE,2010,4,44,30576,5557.05654207643
EBS_SLOPE,2012,22,54,30576,4960.25227424832
EBS_SLOPE,2012,22,56,30576,13213.0700805158
EBS_SLOPE,2012,22,57,30576,8808.71338701055
EBS_SLOPE,2012,22,58,30576,8808.71338701055
EBS_SLOPE,2012,22,59,30576,4404.35669350527
EBS_SLOPE,2012,22,60,30576,4404.35669350527
EBS_SLOPE,2012,22,62,30576,4404.35669350527
EBS_SLOPE,2012,22,63,30576,4404.35669350527
EBS_SLOPE,2012,22,65,30576,4404.35669350527
EBS_SLOPE,2012,22,67,30576,9364.60896775359
EBS_SLOPE,2012,22,68,30576,8808.71338701055
EBS_SLOPE,2012,22,81,30576,4509.1283829095
EBS_SLOPE,2012,22,82,30576,9469.38065715782
EBS_SLOPE,2012,22,84,30576,4404.35669350527
EBS_SLOPE,2012,22,87,30576,4960.25227424832
EBS_SLOPE,2012,31,48,30576,14377.9868530739
EBS_SLOPE,2012,31,60,30576,14377.9868530739
EBS_SLOPE,2012,31,61,30576,19658.635406974
EBS_SLOPE,2012,31,62,30576,14377.9868530739
EBS_SLOPE,2012,31,64,30576,14377.9868530739
EBS_SLOPE,2012,31,69,30576,14377.9868530739
EBS_SLOPE,2012,31,70,30576,5280.64855390009
EBS_SLOPE,2012,31,71,30576,14377.9868530739
EBS_SLOPE,2012,31,73,30576,14377.9868530739
EBS_SLOPE,2012,31,75,30576,14377.9868530739
EBS_SLOPE,2012,31,77,30576,28755.9737061477
EBS_SLOPE,2012,31,80,30576,14377.9868530739
EBS_SLOPE,2012,31,86,30576,57511.9474122955
EBS_SLOPE,2012,31,89,30576,28755.9737061477
EBS_SLOPE,2012,31,91,30576,28755.9737061477
EBS_SLOPE,2012,31,92,30576,14377.9868530739
EBS_SLOPE,2012,31,95,30576,71889.9342653694
EBS_SLOPE,2012,31,97,30576,14377.9868530739
EBS_SLOPE,2012,31,98,30576,28755.9737061477
EBS_SLOPE,2012,31,99,30576,14377.9868530739
EBS_SLOPE,2012,32,22,30576,5462.08817723063
EBS_SLOPE,2012,32,25,30576,5462.08817723063
EBS_SLOPE,2012,32,29,30576,5462.08817723063
EBS_SLOPE,2012,32,30,30576,5221.66949202856
EBS_SLOPE,2012,32,31,30576,5462.08817723063
EBS_SLOPE,2012,32,32,30576,5462.08817723063
EBS_SLOPE,2012,32,40,30576,16386.2645316919
EBS_SLOPE,2012,32,41,30576,5221.66949202856
EBS_SLOPE,2012,32,42,30576,5221.66949202856
EBS_SLOPE,2012,32,43,30576,5462.08817723063
EBS_SLOPE,2012,32,44,30576,5462.08817723063
EBS_SLOPE,2012,32,47,30576,5462.08817723063
EBS_SLOPE,2012,32,48,30576,10924.1763544613
EBS_SLOPE,2012,32,49,30576,15905.4271612878
EBS_SLOPE,2012,32,50,30576,25737.0258564451
EBS_SLOPE,2012,32,51,30576,21127.0966533163
EBS_SLOPE,2012,32,52,30576,31330.0169521714
EBS_SLOPE,2012,32,53,30576,21367.5153385184
EBS_SLOPE,2012,32,55,30576,36053.5026563181
EBS_SLOPE,2012,32,56,30576,14926.4060030017
EBS_SLOPE,2016,32,59,30576,14669.4276956971
EBS_SLOPE,2016,32,60,30576,35022.0157705679
EBS_SLOPE,2016,32,61,30576,14669.4276956971
EBS_SLOPE,2016,32,62,30576,20352.5880748708
EBS_SLOPE,2016,32,63,30576,10572.9696110727
EBS_SLOPE,2016,32,64,30576,19559.2369275962
EBS_SLOPE,2016,32,65,30576,4889.80923189904
EBS_SLOPE,2016,32,66,30576,12943.4366416458
EBS_SLOPE,2016,32,67,30576,15462.7788429717
EBS_SLOPE,2016,32,68,30576,4889.80923189904
EBS_SLOPE,2016,32,69,30576,5683.16037917367
EBS_SLOPE,2016,32,70,30576,9779.61846379808
EBS_SLOPE,2016,32,71,30576,5683.16037917367
EBS_SLOPE,2016,32,72,30576,4889.80923189904
EBS_SLOPE,2016,32,78,30576,8053.62740974676
EBS_SLOPE,2016,41,30,30576,19194.2356524768
EBS_SLOPE,2016,41,33,30576,15300.5813724382
EBS_SLOPE,2016,41,36,30576,15156.6950959562
EBS_SLOPE,2016,41,37,30576,15300.5813724382
EBS_SLOPE,2016,41,38,30576,6873.34236825567
EBS_SLOPE,2016,41,41,30576,15300.5813724382
EBS_SLOPE,2016,41,44,30576,55788.8141143245
EBS_SLOPE,2016,41,45,30576,53408.1485270516
EBS_SLOPE,2016,41,46,30576,6873.34236825567
EBS_SLOPE,2016,41,47,30576,15300.5813724382
EBS_SLOPE,2016,41,48,30576,15012.8088194742
EBS_SLOPE,2016,41,49,30576,15300.5813724382
EBS_SLOPE,2016,41,52,30576,6873.34236825567
EBS_SLOPE,2016,41,53,30576,26885.434281857
EBS_SLOPE,2016,41,54,30576,7650.29068621908
EBS_SLOPE,2016,41,55,30576,21886.1511877298
EBS_SLOPE,2016,41,56,30576,6873.34236825567
EBS_SLOPE,2016,41,57,30576,7506.40440973708
EBS_SLOPE,2016,41,58,30576,7506.40440973708
EBS_SLOPE,2016,41,59,30576,15012.8088194742
EBS_SLOPE,2016,41,60,30576,7506.40440973708
EBS_SLOPE,2016,41,61,30576,7506.40440973708
EBS_SLOPE,2016,41,62,30576,34391.838691594
EBS_SLOPE,2016,41,64,30576,15012.8088194742
EBS_SLOPE,2016,41,65,30576,26885.434281857
EBS_SLOPE,2016,41,67,30576,30025.6176389483
EBS_SLOPE,2016,41,68,30576,7506.40440973708
EBS_SLOPE,2016,41,69,30576,7506.40440973708
EBS_SLOPE,2016,41,71,30576,14379.7467779927
EBS_SLOPE,2016,41,72,30576,26885.434281857
EBS_SLOPE,2016,41,73,30576,7506.40440973708
EBS_SLOPE,2016,41,75,30576,6873.34236825567
EBS_SLOPE,2016,41,81,30576,7650.29068621908
EBS_SLOPE,2016,41,83,30576,33758.7766501126
EBS_SLOPE,2016,41,90,30576,13746.6847365113
EBS_SLOPE,2016,41,91,30576,7650.29068621908
EBS_SLOPE,2016,41,93,30576,13746.6847365113
EBS_SLOPE,2016,41,97,30576,6873.34236825567
EBS_SLOPE,2016,41,98,30576,26885.434281857
EBS_SLOPE,2016,42,23,30576,7387.36786393831
EBS_SLOPE,2008,3,61,30576,8230.77748377388
EBS_SLOPE,2008,3,62,30576,16127.1583749952
EBS_SLOPE,2008,3,63,30576,20158.0988844463
EBS_SLOPE,2008,3,64,30576,16987.3248194635
EBS_SLOPE,2008,3,66,30576,7918.39697319219
EBS_SLOPE,2008,3,67,30576,12223.8791152127
EBS_SLOPE,2008,3,68,30576,12223.8791152127
EBS_SLOPE,2008,3,69,30576,4188.18026771122
EBS_SLOPE,2008,3,70,30576,12106.5772409034
EBS_SLOPE,2008,3,71,30576,12799.1445517523
EBS_SLOPE,2008,3,73,30576,3785.97738547312
EBS_SLOPE,2008,3,74,30576,12223.8791152127
EBS_SLOPE,2008,3,75,30576,3730.21670548097
EBS_SLOPE,2008,3,76,30576,3785.97738547312
EBS_SLOPE,2008,3,77,30576,4305.48214202055
EBS_SLOPE,2008,3,78,30576,12106.5772409034
EBS_SLOPE,2008,3,79,30576,7918.39697319219
EBS_SLOPE,2008,3,80,30576,7460.43341096193
EBS_SLOPE,2008,3,82,30576,12223.8791152127
EBS_SLOPE,2008,3,83,30576,7460.43341096193
EBS_SLOPE,2008,3,88,30576,7460.43341096193
EBS_SLOPE,2008,3,89,30576,7460.43341096193
EBS_SLOPE,2008,3,90,30576,3730.21670548097
EBS_SLOPE,2008,3,91,30576,12106.5772409034
EBS_SLOPE,2008,3,93,30576,3730.21670548097
EBS_SLOPE,2008,3,94,30576,8376.36053542244
EBS_SLOPE,2008,3,97,30576,4188.18026771122
EBS_SLOPE,2008,4,16,30576,8507.90867449184
EBS_SLOPE,2008,4,18,30576,4253.95433724592
EBS_SLOPE,2008,4,19,30576,4253.95433724592
EBS_SLOPE,2008,4,24,30576,8507.90867449184
EBS_SLOPE,2008,4,25,30576,4253.95433724592
EBS_SLOPE,2008,4,26,30576,4253.95433724592
EBS_SLOPE,2008,4,27,30576,8507.90867449184
EBS_SLOPE,2008,4,30,30576,4253.95433724592
EBS_SLOPE,2008,4,31,30576,12761.8630117378
EBS_SLOPE,2008,4,32,30576,4253.95433724592
EBS_SLOPE,2008,4,33,30576,17015.8173489837
EBS_SLOPE,2008,4,34,30576,12761.8630117378
EBS_SLOPE,2008,4,35,30576,14711.0579937834
EBS_SLOPE,2008,4,36,30576,17015.8173489837
EBS_SLOPE,2008,4,37,30576,10457.1036565374
EBS_SLOPE,2008,4,38,30576,10457.1036565374
EBS_SLOPE,2008,4,40,30576,12761.8630117378
EBS_SLOPE,2008,4,41,30576,12761.8630117378
EBS_SLOPE,2008,4,42,30576,8507.90867449184
EBS_SLOPE,2008,4,43,30576,16660.252975829
EBS_SLOPE,2008,4,44,30576,17015.8173489837
EBS_SLOPE,2008,4,45,30576,18965.0123310293
EBS_SLOPE,2008,4,46,30576,17363.5225433267
EBS_SLOPE,2008,4,47,30576,28025.6235167778
EBS_SLOPE,2008,4,48,30576,7111.41620370286
EBS_SLOPE,2010,4,45,30576,5781.97298836262
EBS_SLOPE,2010,4,46,30576,2890.98649418131
EBS_SLOPE,2010,4,47,30576,5781.97298836262
EBS_SLOPE,2010,4,48,30576,5781.97298836262
EBS_SLOPE,2010,4,49,30576,14454.9324709065
EBS_SLOPE,2010,4,50,30576,63134.3829021775
EBS_SLOPE,2010,4,51,30576,2890.98649418131
EBS_SLOPE,2010,4,52,30576,2890.98649418131
EBS_SLOPE,2010,4,54,30576,7509.46249764616
EBS_SLOPE,2010,4,58,30576,5557.05654207643
EBS_SLOPE,2010,4,59,30576,2890.98649418131
EBS_SLOPE,2010,4,61,30576,2666.07004789512
EBS_SLOPE,2010,4,63,30576,4618.47600346485
EBS_SLOPE,2010,4,67,30576,2890.98649418131
EBS_SLOPE,2010,4,68,30576,2716.63053239143
EBS_SLOPE,2010,4,70,30576,5382.70058028656
EBS_SLOPE,2010,4,72,30576,5557.05654207643
EBS_SLOPE,2010,4,74,30576,2890.98649418131
EBS_SLOPE,2010,4,82,30576,2890.98649418131
EBS_SLOPE,2010,4,95,30576,2890.98649418131
EBS_SLOPE,2010,5,43,30576,3341.74962070975
EBS_SLOPE,2010,5,50,30576,3341.74962070975
EBS_SLOPE,2010,6,44,30576,4033.12420508188
EBS_SLOPE,2010,6,49,30576,3293.51052405896
EBS_SLOPE,2010,6,57,30576,3293.51052405896
EBS_SLOPE,2010,6,60,30576,7979.90983189735
EBS_SLOPE,2010,6,74,30576,3468.00553268703
EBS_SLOPE,2010,11,51,30576,4856.1562456027
EBS_SLOPE,2010,11,70,30576,5033.24469656467
EBS_SLOPE,2010,12,23,30576,9722.86239276844
EBS_SLOPE,2010,12,33,30576,5709.8076560883
EBS_SLOPE,2010,12,47,30576,2948.67318713496
EBS_SLOPE,2010,12,51,30576,9722.86239276844
EBS_SLOPE,2010,12,59,30576,9722.86239276844
EBS_SLOPE,2010,12,61,30576,9722.86239276844
EBS_SLOPE,2010,12,66,30576,2705.68241029563
EBS_SLOPE,2010,12,69,30576,9722.86239276844
EBS_SLOPE,2010,12,72,30576,9722.86239276844
EBS_SLOPE,2010,12,86,30576,9722.86239276844
EBS_SLOPE,2010,13,47,30576,3673.80272566142
EBS_SLOPE,2010,13,60,30576,3312.90207760614
EBS_SLOPE,2010,21,43,30576,4298.40340083435
EBS_SLOPE,2010,21,44,30576,4298.40340083435
EBS_SLOPE,2010,21,46,30576,4298.40340083435
EBS_SLOPE,2010,21,51,30576,8596.80680166869
EBS_SLOPE,2010,21,53,30576,12895.210202503
EBS_SLOPE,2010,21,54,30576,8596.80680166869
EBS_SLOPE,2010,21,56,30576,4298.40340083435
EBS_SLOPE,2010,21,57,30576,8596.80680166869
EBS_SLOPE,2010,21,58,30576,17193.6136033374
EBS_SLOPE,2010,21,59,30576,8596.80680166869
EBS_SLOPE,2010,21,60,30576,12039.4003105207
EBS_SLOPE,2010,21,61,30576,4298.40340083435
EBS_SLOPE,2010,21,62,30576,4298.40340083435
EBS_SLOPE,2012,32,57,30576,31330.0169521714
EBS_SLOPE,2012,32,58,30576,5221.66949202856
EBS_SLOPE,2012,32,59,30576,20886.6779681142
EBS_SLOPE,2012,32,60,30576,20886.6779681142
EBS_SLOPE,2012,32,61,30576,35813.083971116
EBS_SLOPE,2012,32,62,30576,26348.7661453449
EBS_SLOPE,2012,32,63,30576,10312.4360655615
EBS_SLOPE,2012,32,64,30576,5221.66949202856
EBS_SLOPE,2012,32,66,30576,20704.6348630562
EBS_SLOPE,2012,32,67,30576,4850.34788833089
EBS_SLOPE,2012,32,69,30576,5221.66949202856
EBS_SLOPE,2012,32,70,30576,4850.34788833089
EBS_SLOPE,2012,32,71,30576,5221.66949202856
EBS_SLOPE,2012,32,76,30576,5221.66949202856
EBS_SLOPE,2012,32,77,30576,5462.08817723063
EBS_SLOPE,2012,32,82,30576,5221.66949202856
EBS_SLOPE,2012,41,42,30576,4761.86367618061
EBS_SLOPE,2012,41,50,30576,4761.86367618061
EBS_SLOPE,2012,41,52,30576,9523.72735236121
EBS_SLOPE,2012,41,54,30576,9523.72735236121
EBS_SLOPE,2012,41,56,30576,9523.72735236121
EBS_SLOPE,2012,41,58,30576,9523.72735236121
EBS_SLOPE,2012,41,60,30576,4761.86367618061
EBS_SLOPE,2012,41,61,30576,4761.86367618061
EBS_SLOPE,2012,41,62,30576,4761.86367618061
EBS_SLOPE,2012,41,63,30576,9523.72735236121
EBS_SLOPE,2012,41,64,30576,4761.86367618061
EBS_SLOPE,2012,41,67,30576,9523.72735236121
EBS_SLOPE,2012,41,68,30576,4761.86367618061
EBS_SLOPE,2012,41,69,30576,4761.86367618061
EBS_SLOPE,2012,41,70,30576,4761.86367618061
EBS_SLOPE,2012,41,89,30576,13847.2100779523
EBS_SLOPE,2012,41,96,30576,13847.2100779523
EBS_SLOPE,2012,42,17,30576,4110.70716658329
EBS_SLOPE,2012,42,38,30576,4103.56940586316
EBS_SLOPE,2012,42,42,30576,4103.56940586316
EBS_SLOPE,2012,42,47,30576,7882.29771361633
EBS_SLOPE,2012,42,51,30576,3778.72830775317
EBS_SLOPE,2012,42,52,30576,4103.56940586316
EBS_SLOPE,2012,42,53,30576,7557.45661550634
EBS_SLOPE,2012,42,54,30576,4103.56940586316
EBS_SLOPE,2012,42,55,30576,7557.45661550634
EBS_SLOPE,2012,42,56,30576,4103.56940586316
EBS_SLOPE,2012,42,57,30576,23322.052042739
EBS_SLOPE,2012,42,58,30576,11661.0260213695
EBS_SLOPE,2012,42,59,30576,12310.7082175895
EBS_SLOPE,2012,42,60,30576,15764.5954272327
EBS_SLOPE,2012,42,61,30576,15439.7543291227
EBS_SLOPE,2012,42,62,30576,7557.45661550634
EBS_SLOPE,2012,42,63,30576,7557.45661550634
EBS_SLOPE,2012,42,64,30576,7557.45661550634
EBS_SLOPE,2012,42,65,30576,7882.29771361633
EBS_SLOPE,2012,42,67,30576,3778.72830775317
EBS_SLOPE,2012,42,72,30576,4103.56940586316
EBS_SLOPE,2012,42,76,30576,4103.56940586316
EBS_SLOPE,2008,4,49,30576,4253.95433724592
EBS_SLOPE,2008,4,50,30576,21443.6242834011
EBS_SLOPE,2008,4,51,30576,12761.8630117378
EBS_SLOPE,2008,4,52,30576,12935.7156089093
EBS_SLOPE,2008,4,54,30576,25347.0375795955
EBS_SLOPE,2008,4,55,30576,32422.285731453
EBS_SLOPE,2008,4,56,30576,30117.5263762527
EBS_SLOPE,2008,4,57,30576,7809.66243909735
EBS_SLOPE,2008,4,58,30576,25520.890176767
EBS_SLOPE,2008,4,59,30576,18614.4712899778
EBS_SLOPE,2008,4,60,30576,17711.2277376696
EBS_SLOPE,2008,4,61,30576,43232.1179144366
EBS_SLOPE,2008,4,62,30576,38978.1635771907
EBS_SLOPE,2008,4,63,30576,39850.2624097567
EBS_SLOPE,2008,4,64,30576,33673.2344781041
EBS_SLOPE,2008,4,65,30576,39502.5572154137
EBS_SLOPE,2008,4,66,30576,21266.9358395211
EBS_SLOPE,2008,4,67,30576,8855.61386883482
EBS_SLOPE,2008,4,68,30576,13109.5682060807
EBS_SLOPE,2008,4,69,30576,28168.3313942071
EBS_SLOPE,2008,4,70,30576,8855.61386883482
EBS_SLOPE,2008,4,72,30576,12237.4693735148
EBS_SLOPE,2008,4,74,30576,16834.1055730005
EBS_SLOPE,2008,4,75,30576,4427.80693441741
EBS_SLOPE,2008,4,77,30576,14884.9105909549
EBS_SLOPE,2008,4,78,30576,17711.2277376696
EBS_SLOPE,2008,4,79,30576,4427.80693441741
EBS_SLOPE,2008,4,81,30576,6203.14931929153
EBS_SLOPE,2008,4,84,30576,6203.14931929153
EBS_SLOPE,2008,4,85,30576,4427.80693441741
EBS_SLOPE,2008,4,86,30576,10457.1036565374
EBS_SLOPE,2008,4,90,30576,4253.95433724592
EBS_SLOPE,2008,4,93,30576,4253.95433724592
EBS_SLOPE,2008,4,94,30576,6203.14931929153
EBS_SLOPE,2008,4,95,30576,4253.95433724592
EBS_SLOPE,2008,6,46,30576,3911.77907493516
EBS_SLOPE,2008,6,47,30576,4095.70461682912
EBS_SLOPE,2008,6,59,30576,3560.57980375685
EBS_SLOPE,2008,6,79,30576,3560.57980375685
EBS_SLOPE,2008,6,86,30576,3679.40880032928
EBS_SLOPE,2008,11,62,30576,4011.73602834724
EBS_SLOPE,2008,12,39,30576,7636.10069002738
EBS_SLOPE,2008,12,50,30576,3818.05034501369
EBS_SLOPE,2008,12,54,30576,3818.05034501369
EBS_SLOPE,2008,12,60,30576,4077.7780582545
EBS_SLOPE,2008,12,61,30576,4077.7780582545
EBS_SLOPE,2008,21,22,30576,4011.03333443516
EBS_SLOPE,2008,21,31,30576,4011.03333443516
EBS_SLOPE,2008,21,48,30576,4011.03333443516
EBS_SLOPE,2008,21,49,30576,4011.03333443516
EBS_SLOPE,2008,21,52,30576,8022.06666887031
EBS_SLOPE,2008,21,57,30576,4011.03333443516
EBS_SLOPE,2010,21,66,30576,12895.210202503
EBS_SLOPE,2010,21,67,30576,7740.99690968632
EBS_SLOPE,2010,21,70,30576,8596.80680166869
EBS_SLOPE,2010,21,72,30576,7740.99690968632
EBS_SLOPE,2010,21,73,30576,4298.40340083435
EBS_SLOPE,2010,21,74,30576,4298.40340083435
EBS_SLOPE,2010,21,76,30576,7740.99690968632
EBS_SLOPE,2010,21,77,30576,4298.40340083435
EBS_SLOPE,2010,21,79,30576,7740.99690968632
EBS_SLOPE,2010,21,81,30576,4298.40340083435
EBS_SLOPE,2010,21,84,30576,7740.99690968632
EBS_SLOPE,2010,21,85,30576,15481.9938193726
EBS_SLOPE,2010,21,90,30576,15481.9938193726
EBS_SLOPE,2010,21,91,30576,4298.40340083435
EBS_SLOPE,2010,21,93,30576,7740.99690968632
EBS_SLOPE,2010,22,13,30576,4128.75641733739
EBS_SLOPE,2010,22,17,30576,2487.03177347773
EBS_SLOPE,2010,22,18,30576,2487.03177347773
EBS_SLOPE,2010,22,19,30576,2985.84883607477
EBS_SLOPE,2010,22,20,30576,8377.42921288316
EBS_SLOPE,2010,22,21,30576,2985.84883607477
EBS_SLOPE,2010,22,25,30576,2487.03177347773
EBS_SLOPE,2010,22,26,30576,4128.75641733739
EBS_SLOPE,2010,22,27,30576,4128.75641733739
EBS_SLOPE,2010,22,28,30576,4128.75641733739
EBS_SLOPE,2010,22,29,30576,5561.57697870311
EBS_SLOPE,2010,22,30,30576,2575.72814262834
EBS_SLOPE,2010,22,33,30576,9601.63702688989
EBS_SLOPE,2010,22,36,30576,9649.85638183488
EBS_SLOPE,2010,22,38,30576,14898.6487988998
EBS_SLOPE,2010,22,40,30576,11123.1539574062
EBS_SLOPE,2010,22,42,30576,2487.03177347773
EBS_SLOPE,2010,22,43,30576,9216.86410685336
EBS_SLOPE,2010,22,44,30576,6824.40093817412
EBS_SLOPE,2010,22,46,30576,8547.42581477789
EBS_SLOPE,2010,22,47,30576,5971.69767214954
EBS_SLOPE,2010,22,48,30576,5971.69767214954
EBS_SLOPE,2010,22,50,30576,8957.54650822431
EBS_SLOPE,2010,22,51,30576,5561.57697870311
EBS_SLOPE,2010,22,52,30576,8484.07721903717
EBS_SLOPE,2010,22,53,30576,8484.07721903717
EBS_SLOPE,2010,22,54,30576,2985.84883607477
EBS_SLOPE,2010,22,55,30576,2985.84883607477
EBS_SLOPE,2010,22,56,30576,2985.84883607477
EBS_SLOPE,2010,22,57,30576,2985.84883607477
EBS_SLOPE,2010,22,58,30576,2985.84883607477
EBS_SLOPE,2010,22,59,30576,11533.2746508527
EBS_SLOPE,2010,22,65,30576,2512.37954688763
EBS_SLOPE,2010,22,66,30576,2575.72814262834
EBS_SLOPE,2010,22,86,30576,2487.03177347773
EBS_SLOPE,2010,22,88,30576,4128.75641733739
EBS_SLOPE,2010,23,51,30576,2761.88803496216
EBS_SLOPE,2010,23,52,30576,2761.88803496216
EBS_SLOPE,2010,23,57,30576,2761.88803496216
EBS_SLOPE,2010,23,76,30576,2761.88803496216
EBS_SLOPE,2012,42,77,30576,4103.56940586316
EBS_SLOPE,2012,52,22,30576,2742.79005553266
EBS_SLOPE,2012,52,57,30576,2742.79005553266
EBS_SLOPE,2012,52,58,30576,2742.79005553266
EBS_SLOPE,2012,52,60,30576,2742.79005553266
EBS_SLOPE,2012,52,68,30576,2742.79005553266
EBS_SLOPE,2012,61,51,30576,4530.81860795904
EBS_SLOPE,2012,62,23,30576,8611.69990546474
EBS_SLOPE,2012,62,40,30576,3869.87063921562
EBS_SLOPE,2012,62,48,30576,3869.87063921562
EBS_SLOPE,2012,62,54,30576,3916.79482648275
EBS_SLOPE,2012,62,56,30576,3869.87063921562
EBS_SLOPE,2012,62,65,30576,4204.26762756025
EBS_SLOPE,2012,62,70,30576,3869.87063921562
EBS_SLOPE,2016,1,39,30576,6665.43253208166
EBS_SLOPE,2016,1,59,30576,5207.48924207426
EBS_SLOPE,2016,2,19,30576,3032.15684744553
EBS_SLOPE,2016,2,23,30576,3032.15684744553
EBS_SLOPE,2016,2,28,30576,3032.15684744553
EBS_SLOPE,2016,2,32,30576,9205.16999100996
EBS_SLOPE,2016,2,33,30576,3032.15684744553
EBS_SLOPE,2016,2,34,30576,3032.15684744553
EBS_SLOPE,2016,2,37,30576,3032.15684744553
EBS_SLOPE,2016,2,38,30576,6537.94602001723
EBS_SLOPE,2016,2,39,30576,3032.15684744553
EBS_SLOPE,2016,2,40,30576,13847.0571148164
EBS_SLOPE,2016,2,41,30576,6537.94602001723
EBS_SLOPE,2016,2,42,30576,7011.5783451434
EBS_SLOPE,2016,2,43,30576,12602.2597149083
EBS_SLOPE,2016,2,44,30576,9096.47054233659
EBS_SLOPE,2016,2,45,30576,3032.15684744553
EBS_SLOPE,2016,2,46,30576,12602.2597149083
EBS_SLOPE,2016,2,48,30576,14439.5005308248
EBS_SLOPE,2016,2,49,30576,13367.8383144614
EBS_SLOPE,2016,2,50,30576,3505.7891725717
EBS_SLOPE,2016,2,51,30576,6537.94602001723
EBS_SLOPE,2016,2,53,30576,7011.5783451434
EBS_SLOPE,2016,2,55,30576,10517.3675177151
EBS_SLOPE,2016,2,57,30576,14023.1566902868
EBS_SLOPE,2016,2,58,30576,3505.7891725717
EBS_SLOPE,2016,2,59,30576,3505.7891725717
EBS_SLOPE,2016,2,60,30576,3505.7891725717
EBS_SLOPE,2016,2,63,30576,14284.1651004093
EBS_SLOPE,2016,2,66,30576,3505.7891725717
EBS_SLOPE,2016,2,68,30576,3505.7891725717
EBS_SLOPE,2016,2,70,30576,3505.7891725717
EBS_SLOPE,2016,2,74,30576,3505.7891725717
EBS_SLOPE,2016,2,76,30576,7272.58675526591
EBS_SLOPE,2016,2,89,30576,3505.7891725717
EBS_SLOPE,2016,3,26,30576,5683.16037917367
EBS_SLOPE,2016,3,35,30576,4889.80923189904
EBS_SLOPE,2008,21,62,30576,8022.06666887031
EBS_SLOPE,2008,21,63,30576,4011.03333443516
EBS_SLOPE,2008,21,64,30576,8022.06666887031
EBS_SLOPE,2008,21,67,30576,4011.03333443516
EBS_SLOPE,2008,21,68,30576,12033.1000033055
EBS_SLOPE,2008,21,70,30576,8022.06666887031
EBS_SLOPE,2008,21,73,30576,4011.03333443516
EBS_SLOPE,2008,21,76,30576,4011.03333443516
EBS_SLOPE,2008,21,79,30576,4011.03333443516
EBS_SLOPE,2008,21,80,30576,4011.03333443516
EBS_SLOPE,2008,21,81,30576,4011.03333443516
EBS_SLOPE,2008,21,89,30576,4011.03333443516
EBS_SLOPE,2008,22,20,30576,3841.46285651521
EBS_SLOPE,2008,22,21,30576,7976.66030834194
EBS_SLOPE,2008,22,23,30576,3841.46285651521
EBS_SLOPE,2008,22,25,30576,7682.92571303043
EBS_SLOPE,2008,22,26,30576,5603.30476211487
EBS_SLOPE,2008,22,27,30576,11818.1231648572
EBS_SLOPE,2008,22,30,30576,3841.46285651521
EBS_SLOPE,2008,22,31,30576,7976.66030834194
EBS_SLOPE,2008,22,34,30576,3841.46285651521
EBS_SLOPE,2008,22,35,30576,11818.1231648572
EBS_SLOPE,2008,22,36,30576,7976.66030834194
EBS_SLOPE,2008,22,37,30576,7976.66030834194
EBS_SLOPE,2008,22,39,30576,3841.46285651521
EBS_SLOPE,2008,22,41,30576,3841.46285651521
EBS_SLOPE,2008,22,43,30576,7601.78295723371
EBS_SLOPE,2008,22,44,30576,19207.3142825761
EBS_SLOPE,2008,22,45,30576,7601.78295723371
EBS_SLOPE,2008,22,46,30576,5603.30476211487
EBS_SLOPE,2008,22,47,30576,9444.76761863008
EBS_SLOPE,2008,22,49,30576,3841.46285651521
EBS_SLOPE,2008,22,50,30576,7682.92571303043
EBS_SLOPE,2008,22,51,30576,11524.3885695456
EBS_SLOPE,2008,22,52,30576,7682.92571303043
EBS_SLOPE,2008,22,53,30576,15284.7086702641
EBS_SLOPE,2008,22,54,30576,7682.92571303043
EBS_SLOPE,2008,22,55,30576,15365.8514260609
EBS_SLOPE,2008,22,56,30576,22967.6343832946
EBS_SLOPE,2008,22,57,30576,15284.7086702641
EBS_SLOPE,2008,22,58,30576,19207.3142825761
EBS_SLOPE,2008,22,59,30576,7682.92571303043
EBS_SLOPE,2008,22,60,30576,3841.46285651521
EBS_SLOPE,2008,22,61,30576,19207.3142825761
EBS_SLOPE,2008,22,62,30576,11524.3885695456
EBS_SLOPE,2008,22,63,30576,11524.3885695456
EBS_SLOPE,2008,22,66,30576,11524.3885695456
EBS_SLOPE,2008,22,69,30576,3841.46285651521
EBS_SLOPE,2008,22,71,30576,3841.46285651521
EBS_SLOPE,2008,22,77,30576,3841.46285651521
EBS_SLOPE,2008,23,36,30576,3371.10873160795
EBS_SLOPE,2008,23,40,30576,3371.10873160795
EBS_SLOPE,2008,23,51,30576,3371.10873160795
EBS_SLOPE,2008,23,55,30576,4289.42878914016
EBS_SLOPE,2010,31,36,30576,2251.95213761695
EBS_SLOPE,2010,31,39,30576,2251.95213761695
EBS_SLOPE,2010,31,43,30576,4503.90427523389
EBS_SLOPE,2010,31,45,30576,1998.20463309195
EBS_SLOPE,2010,31,46,30576,2582.39518544249
EBS_SLOPE,2010,31,47,30576,1998.20463309195
EBS_SLOPE,2010,31,48,30576,1998.20463309195
EBS_SLOPE,2010,31,51,30576,4834.34732305944
EBS_SLOPE,2010,31,52,30576,5322.83186547351
EBS_SLOPE,2010,31,53,30576,9414.94714159388
EBS_SLOPE,2010,31,54,30576,2251.95213761695
EBS_SLOPE,2010,31,55,30576,4503.90427523389
EBS_SLOPE,2010,31,58,30576,2582.39518544249
EBS_SLOPE,2010,31,60,30576,4503.90427523389
EBS_SLOPE,2010,31,61,30576,4580.59981853444
EBS_SLOPE,2010,31,62,30576,2582.39518544249
EBS_SLOPE,2010,31,63,30576,1998.20463309195
EBS_SLOPE,2010,31,64,30576,2251.95213761695
EBS_SLOPE,2010,31,65,30576,6779.57461024093
EBS_SLOPE,2010,31,66,30576,1998.20463309195
EBS_SLOPE,2010,31,67,30576,2251.95213761695
EBS_SLOPE,2010,31,68,30576,8500.3135414178
EBS_SLOPE,2010,31,69,30576,5480.87336006204
EBS_SLOPE,2010,31,70,30576,7574.78400309046
EBS_SLOPE,2010,31,71,30576,1998.20463309195
EBS_SLOPE,2010,31,74,30576,2740.43668003102
EBS_SLOPE,2010,31,76,30576,1998.20463309195
EBS_SLOPE,2010,31,80,30576,7268.05915265501
EBS_SLOPE,2010,31,81,30576,2740.43668003102
EBS_SLOPE,2010,31,83,30576,2582.39518544249
EBS_SLOPE,2010,31,84,30576,1998.20463309195
EBS_SLOPE,2010,31,85,30576,2251.95213761695
EBS_SLOPE,2010,31,87,30576,2251.95213761695
EBS_SLOPE,2010,31,88,30576,4738.64131312297
EBS_SLOPE,2010,31,89,30576,1998.20463309195
EBS_SLOPE,2010,31,90,30576,10219.514673185
EBS_SLOPE,2010,31,91,30576,2740.43668003102
EBS_SLOPE,2010,31,92,30576,2740.43668003102
EBS_SLOPE,2010,31,93,30576,2740.43668003102
EBS_SLOPE,2010,31,94,30576,7479.07799315399
EBS_SLOPE,2010,31,96,30576,2740.43668003102
EBS_SLOPE,2010,31,98,30576,2740.43668003102
EBS_SLOPE,2010,32,40,30576,5430.3326609849
EBS_SLOPE,2010,32,52,30576,11596.3230013586
EBS_SLOPE,2010,32,54,30576,11596.3230013586
EBS_SLOPE,2010,32,64,30576,11596.3230013586
EBS_SLOPE,2010,32,65,30576,5392.96426573786
EBS_SLOPE,2010,33,61,30576,3311.7491269504
EBS_SLOPE,2010,41,15,30576,2890.98649418131
EBS_SLOPE,2010,41,16,30576,2890.98649418131
EBS_SLOPE,2010,41,17,30576,5781.97298836262
EBS_SLOPE,2010,41,18,30576,2890.98649418131
EBS_SLOPE,2010,41,20,30576,2890.98649418131
EBS_SLOPE,2010,41,22,30576,2890.98649418131
EBS_SLOPE,2010,41,23,30576,2890.98649418131
EBS_SLOPE,2016,3,38,30576,4889.80923189904
EBS_SLOPE,2016,3,39,30576,4889.80923189904
EBS_SLOPE,2016,3,43,30576,56855.662314154
EBS_SLOPE,2016,3,44,30576,4889.80923189904
EBS_SLOPE,2016,3,45,30576,5683.16037917367
EBS_SLOPE,2016,3,46,30576,26680.2244305662
EBS_SLOPE,2016,3,47,30576,24756.3016758848
EBS_SLOPE,2016,3,48,30576,12943.4366416458
EBS_SLOPE,2016,3,49,30576,30211.3967114872
EBS_SLOPE,2016,3,50,30576,4889.80923189904
EBS_SLOPE,2016,3,51,30576,38185.8339484156
EBS_SLOPE,2016,3,52,30576,15462.7788429717
EBS_SLOPE,2016,3,53,30576,4889.80923189904
EBS_SLOPE,2016,3,54,30576,29338.8553913942
EBS_SLOPE,2016,3,55,30576,45446.1102108878
EBS_SLOPE,2016,3,56,30576,31937.3877655386
EBS_SLOPE,2016,3,57,30576,46239.4613581624
EBS_SLOPE,2016,3,58,30576,19559.2369275962
EBS_SLOPE,2016,3,59,30576,14669.4276956971
EBS_SLOPE,2016,3,60,30576,35022.0157705679
EBS_SLOPE,2016,3,61,30576,14669.4276956971
EBS_SLOPE,2016,3,62,30576,20352.5880748708
EBS_SLOPE,2016,3,63,30576,10572.9696110727
EBS_SLOPE,2016,3,65,30576,4889.80923189904
EBS_SLOPE,2016,3,66,30576,12943.4366416458
EBS_SLOPE,2016,3,67,30576,22951.1204490151
EBS_SLOPE,2016,3,68,30576,4889.80923189904
EBS_SLOPE,2016,3,69,30576,5683.16037917367
EBS_SLOPE,2016,3,70,30576,17267.9600698414
EBS_SLOPE,2016,3,71,30576,5683.16037917367
EBS_SLOPE,2016,3,72,30576,4889.80923189904
EBS_SLOPE,2016,3,78,30576,8053.62740974676
EBS_SLOPE,2016,3,84,30576,4920.05388099277
EBS_SLOPE,2016,3,89,30576,14976.6832120867
EBS_SLOPE,2016,4,25,30576,3693.68393196915
EBS_SLOPE,2016,4,26,30576,7387.36786393831
EBS_SLOPE,2016,4,27,30576,3693.68393196915
EBS_SLOPE,2016,4,28,30576,3693.68393196915
EBS_SLOPE,2016,4,29,30576,11081.0517959075
EBS_SLOPE,2016,4,30,30576,22887.9195844459
EBS_SLOPE,2016,4,31,30576,3693.68393196915
EBS_SLOPE,2016,4,32,30576,7387.36786393831
EBS_SLOPE,2016,4,33,30576,22687.9492363765
EBS_SLOPE,2016,4,35,30576,3693.68393196915
EBS_SLOPE,2016,4,36,30576,15156.6950959562
EBS_SLOPE,2016,4,38,30576,10567.0263002248
EBS_SLOPE,2016,4,39,30576,3693.68393196915
EBS_SLOPE,2016,4,40,30576,5578.91828108818
EBS_SLOPE,2016,4,41,30576,18994.2653044073
EBS_SLOPE,2016,4,42,30576,3693.68393196915
EBS_SLOPE,2016,4,43,30576,3693.68393196915
EBS_SLOPE,2016,4,44,30576,55788.8141143245
EBS_SLOPE,2016,42,25,30576,3693.68393196915
EBS_SLOPE,2016,42,26,30576,7387.36786393831
EBS_SLOPE,2016,42,27,30576,3693.68393196915
EBS_SLOPE,2016,42,28,30576,3693.68393196915
EBS_SLOPE,2016,42,29,30576,11081.0517959075
EBS_SLOPE,2016,42,30,30576,3693.68393196915
EBS_SLOPE,2016,42,32,30576,7387.36786393831
EBS_SLOPE,2016,42,33,30576,7387.36786393831
EBS_SLOPE,2016,42,35,30576,3693.68393196915
EBS_SLOPE,2016,42,38,30576,3693.68393196915
EBS_SLOPE,2016,42,39,30576,3693.68393196915
EBS_SLOPE,2016,42,40,30576,5578.91828108818
EBS_SLOPE,2016,42,41,30576,3693.68393196915
EBS_SLOPE,2016,42,42,30576,3693.68393196915
EBS_SLOPE,2016,42,43,30576,3693.68393196915
EBS_SLOPE,2016,42,45,30576,7195.75539753104
EBS_SLOPE,2016,42,52,30576,7195.75539753104
EBS_SLOPE,2016,42,53,30576,7004.14293112377
EBS_SLOPE,2016,42,54,30576,3502.07146556189
EBS_SLOPE,2016,42,55,30576,3502.07146556189
EBS_SLOPE,2016,42,56,30576,10506.2143966857
EBS_SLOPE,2016,42,57,30576,7195.75539753104
EBS_SLOPE,2016,42,58,30576,21012.4287933713
EBS_SLOPE,2016,42,59,30576,7004.14293112377
EBS_SLOPE,2016,42,60,30576,7004.14293112377
EBS_SLOPE,2016,42,62,30576,7004.14293112377
EBS_SLOPE,2016,42,63,30576,3502.07146556189
EBS_SLOPE,2016,42,64,30576,7004.14293112377
EBS_SLOPE,2016,42,66,30576,3502.07146556189
EBS_SLOPE,2016,42,80,30576,3693.68393196915
EBS_SLOPE,2016,52,44,30576,5589.15195264732
EBS_SLOPE,2016,52,48,30576,5589.15195264732
EBS_SLOPE,2016,52,51,30576,5589.15195264732
EBS_SLOPE,2016,55,55,30576,7250.95838115044
EBS_SLOPE,2016,62,54,30576,5756.46878014142
EBS_SLOPE,2016,62,55,30576,5005.68934246282
EBS_SLOPE,2016,62,63,30576,6241.08907698841
EBS_SLOPE,2002,1,61,30576,12768.6732311053
EBS_SLOPE,2002,3,48,30576,17762.1333752485
EBS_SLOPE,2002,3,61,30576,17762.1333752485
EBS_SLOPE,2002,3,82,30576,5944.27093801075
EBS_SLOPE,2002,4,95,30576,5484.62087593797
EBS_SLOPE,2002,11,29,30576,6384.33661555264
EBS_SLOPE,2002,11,59,30576,6384.33661555264
EBS_SLOPE,2002,11,90,30576,6384.33661555264
EBS_SLOPE,2002,32,54,30576,35524.266750497
EBS_SLOPE,2002,32,72,30576,11888.5418760215
EBS_SLOPE,2002,42,50,30576,6237.53389969646
EBS_SLOPE,2004,2,8,30576,3488.9170380731
EBS_SLOPE,2004,3,53,30576,15118.6174418704
EBS_SLOPE,2004,3,66,30576,10884.8109620263
EBS_SLOPE,2004,4,12,30576,7562.19413086034
EBS_SLOPE,2004,4,66,30576,7507.33436269054
EBS_SLOPE,2004,5,38,30576,3413.69190950407
EBS_SLOPE,2004,22,15,30576,3488.9170380731
EBS_SLOPE,2004,22,45,30576,9686.29696195167
EBS_SLOPE,2004,31,46,30576,10565.7252053944
EBS_SLOPE,2004,41,12,30576,7562.19413086034
EBS_SLOPE,2004,41,25,30576,18905.4853271508
EBS_SLOPE,2004,41,39,30576,7664.56989888108
EBS_SLOPE,2004,52,53,30576,6827.38381900814
EBS_SLOPE,2008,2,30,30576,3841.46285651521
EBS_SLOPE,2008,2,76,30576,4011.03333443516
EBS_SLOPE,2008,3,50,30576,7460.43341096193
EBS_SLOPE,2008,3,65,30576,12279.6397952049
EBS_SLOPE,2008,4,39,30576,8507.90867449184
EBS_SLOPE,2008,4,53,30576,26948.5273672981
EBS_SLOPE,2008,6,52,30576,4143.06771936043
EBS_SLOPE,2008,21,19,30576,4011.03333443516
EBS_SLOPE,2008,21,69,30576,8022.06666887031
EBS_SLOPE,2008,22,64,30576,11524.3885695456
EBS_SLOPE,2008,31,37,30576,3639.31170341547
EBS_SLOPE,2008,31,63,30576,12564.5408031337
EBS_SLOPE,2008,33,61,30576,3925.29534175333
EBS_SLOPE,2008,41,33,30576,17015.8173489837
EBS_SLOPE,2008,41,46,30576,17363.5225433267
EBS_SLOPE,2008,41,90,30576,4253.95433724592
EBS_SLOPE,2008,42,61,30576,3555.70810185143
EBS_SLOPE,2010,1,23,30576,9722.86239276844
EBS_SLOPE,2010,2,59,30576,20130.0814525213
EBS_SLOPE,2010,2,79,30576,7740.99690968632
EBS_SLOPE,2010,3,89,30576,1998.20463309195
EBS_SLOPE,2010,4,16,30576,2890.98649418131
EBS_SLOPE,2010,4,30,30576,2890.98649418131
EBS_SLOPE,2010,12,55,30576,2948.67318713496
EBS_SLOPE,2010,21,50,30576,4298.40340083435
EBS_SLOPE,2010,22,31,30576,2487.03177347773
EBS_SLOPE,2010,22,49,30576,2985.84883607477
EBS_SLOPE,2010,22,60,30576,2575.72814262834
EBS_SLOPE,2010,31,86,30576,1998.20463309195
EBS_SLOPE,2010,32,35,30576,11596.3230013586
EBS_SLOPE,2010,41,19,30576,2890.98649418131
EBS_SLOPE,2010,62,44,30576,4033.12420508188
EBS_SLOPE,2012,1,59,30576,4256.78431502832
EBS_SLOPE,2012,2,29,30576,4404.35669350527
EBS_SLOPE,2012,3,49,30576,15905.4271612878
EBS_SLOPE,2012,3,64,30576,19599.6563451024
EBS_SLOPE,2012,4,69,30576,4761.86367618061
EBS_SLOPE,2012,5,58,30576,2742.79005553266
EBS_SLOPE,2012,6,65,30576,4204.26762756025
EBS_SLOPE,2012,22,61,30576,13213.0700805158
EBS_SLOPE,2012,31,63,30576,14377.9868530739
EBS_SLOPE,2012,31,90,30576,43133.9605592216
EBS_SLOPE,2012,32,68,30576,5221.66949202856
EBS_SLOPE,2012,41,57,30576,4761.86367618061
EBS_SLOPE,2012,41,73,30576,13847.2100779523
EBS_SLOPE,2012,62,60,30576,18222.0930587882
EBS_SLOPE,2016,2,35,30576,6537.94602001723
EBS_SLOPE,2016,2,47,30576,10043.7351925889
EBS_SLOPE,2016,3,64,30576,19559.2369275962
EBS_SLOPE,2016,4,23,30576,7387.36786393831
EBS_SLOPE,2016,4,37,30576,15300.5813724382
EBS_SLOPE,2016,4,75,30576,6873.34236825567
EBS_SLOPE,2016,5,44,30576,5589.15195264732
EBS_SLOPE,2016,21,63,30576,7272.58675526591
EBS_SLOPE,2016,32,35,30576,4889.80923189904
EBS_SLOPE,2016,32,51,30576,38185.8339484156
EBS_SLOPE,2016,41,66,30576,7506.40440973708
EBS_SLOPE,2016,41,92,30576,6873.34236825567
EBS_SLOPE,2016,42,31,30576,3693.68393196915
