survey_definition_id,year,area_id,species_code,length_mm,sex,population_count,akfin_load_date
52,1991,99904,30576,170,female,48452,2024-10-24T16:20:42Z
52,1991,99904,30576,180,male,11200,2024-10-24T16:20:42Z
52,1991,99904,30576,180,female,53851,2024-10-24T16:20:42Z
52,1991,99904,30576,190,male,11200,2024-10-24T16:20:42Z
52,1991,99904,30576,190,female,48452,2024-10-24T16:20:42Z
52,1991,99904,30576,210,male,11200,2024-10-24T16:20:42Z
52,1991,99904,30576,210,female,85302,2024-10-24T16:20:42Z
52,1991,99904,30576,220,female,91786,2024-10-24T16:20:42Z
52,1991,99904,30576,230,female,49135,2024-10-24T16:20:42Z
52,1991,99904,30576,240,female,85302,2024-10-24T16:20:42Z
52,1991,99904,30576,250,female,85302,2024-10-24T16:20:42Z
52,1991,99904,30576,260,male,17001,2024-10-24T16:20:42Z
52,1991,99904,30576,260,female,234567,2024-10-24T16:20:42Z
52,1991,99904,30576,270,male,22400,2024-10-24T16:20:42Z
52,1991,99904,30576,270,female,108174,2024-10-24T16:20:42Z
52,1991,99904,30576,280,male,64175,2024-10-24T16:20:42Z
52,1991,99904,30576,280,female,278306,2024-10-24T16:20:42Z
52,1991,99904,30576,290,male,22323,2024-10-24T16:20:42Z
52,1991,99904,30576,290,female,204166,2024-10-24T16:20:42Z
52,1991,99904,30576,300,male,22400,2024-10-24T16:20:42Z
52,1991,99904,30576,300,female,228958,2024-10-24T16:20:42Z
52,1991,99904,30576,310,female,309757,2024-10-24T16:20:42Z
52,1991,99904,30576,320,male,135581,2024-10-24T16:20:42Z
52,1991,99904,30576,320,female,217758,2024-10-24T16:20:42Z
52,1991,99904,30576,330,male,49135,2024-10-24T16:20:42Z
52,1991,99904,30576,330,female,207447,2024-10-24T16:20:42Z
52,1991,99904,30576,340,male,91103,2024-10-24T16:20:42Z
52,1991,99904,30576,340,female,54359,2024-10-24T16:20:42Z
52,1991,99904,30576,350,male,160030,2024-10-24T16:20:42Z
52,1991,99904,30576,350,female,216787,2024-10-24T16:20:42Z
52,1991,99904,30576,360,male,51474,2024-10-24T16:20:42Z
52,1991,99904,30576,360,female,116528,2024-10-24T16:20:42Z
52,1991,99904,30576,370,male,307118,2024-10-24T16:20:42Z
52,1991,99904,30576,370,female,216248,2024-10-24T16:20:42Z
52,1991,99904,30576,380,male,232322,2024-10-24T16:20:42Z
52,1991,99904,30576,380,female,158156,2024-10-24T16:20:42Z
52,1991,99904,30576,390,male,74524,2024-10-24T16:20:42Z
52,1991,99904,30576,390,female,213187,2024-10-24T16:20:42Z
52,1991,99904,30576,400,male,146107,2024-10-24T16:20:42Z
52,1991,99904,30576,400,female,143063,2024-10-24T16:20:42Z
52,1991,99904,30576,410,male,143650,2024-10-24T16:20:42Z
52,1991,99904,30576,410,female,338175,2024-10-24T16:20:42Z
52,1991,99904,30576,420,male,143872,2024-10-24T16:20:42Z
52,1991,99904,30576,420,female,146150,2024-10-24T16:20:42Z
52,1991,99904,30576,430,male,168792,2024-10-24T16:20:42Z
52,1991,99904,30576,430,female,129931,2024-10-24T16:20:42Z
52,1991,99904,30576,440,male,135577,2024-10-24T16:20:42Z
52,1991,99904,30576,440,female,207529,2024-10-24T16:20:42Z
52,1991,99904,30576,450,male,219254,2024-10-24T16:20:42Z
52,1991,99904,30576,450,female,174777,2024-10-24T16:20:42Z
52,1991,99904,30576,460,male,210061,2024-10-24T16:20:42Z
52,1991,99904,30576,460,female,174011,2024-10-24T16:20:42Z
52,1991,99904,30576,470,male,164787,2024-10-24T16:20:42Z
52,1991,99904,30576,470,female,130665,2024-10-24T16:20:42Z
52,1991,99904,30576,480,male,96572,2024-10-24T16:20:42Z
52,1991,99904,30576,480,female,149511,2024-10-24T16:20:42Z
52,1991,99904,30576,490,male,306090,2024-10-24T16:20:42Z
52,1991,99904,30576,490,female,135737,2024-10-24T16:20:42Z
52,1991,99904,30576,500,male,214223,2024-10-24T16:20:42Z
52,1991,99904,30576,500,female,132068,2024-10-24T16:20:42Z
52,1991,99904,30576,510,male,48861,2024-10-24T16:20:42Z
52,1991,99904,30576,510,female,302241,2024-10-24T16:20:42Z
52,1991,99904,30576,520,male,94065,2024-10-24T16:20:42Z
52,1991,99904,30576,520,female,59094,2024-10-24T16:20:42Z
52,1991,99904,30576,530,male,37327,2024-10-24T16:20:42Z
52,1991,99904,30576,530,female,110638,2024-10-24T16:20:42Z
52,1991,99904,30576,540,male,213021,2024-10-24T16:20:42Z
52,1991,99904,30576,540,female,85302,2024-10-24T16:20:42Z
52,1991,99904,30576,550,male,94880,2024-10-24T16:20:42Z
52,1991,99904,30576,550,female,69117,2024-10-24T16:20:42Z
52,1991,99904,30576,560,male,160096,2024-10-24T16:20:42Z
52,1991,99904,30576,560,female,61333,2024-10-24T16:20:42Z
52,1991,99904,30576,570,male,84988,2024-10-24T16:20:42Z
52,1991,99904,30576,570,female,86269,2024-10-24T16:20:42Z
52,1991,99904,30576,580,male,117440,2024-10-24T16:20:42Z
52,1991,99904,30576,580,female,74732,2024-10-24T16:20:42Z
52,1991,99904,30576,590,male,60483,2024-10-24T16:20:42Z
52,1991,99904,30576,590,female,79062,2024-10-24T16:20:42Z
52,1991,99904,30576,600,male,148279,2024-10-24T16:20:42Z
52,1991,99904,30576,600,female,43986,2024-10-24T16:20:42Z
52,1991,99904,30576,610,male,70242,2024-10-24T16:20:42Z
52,1991,99904,30576,610,female,50666,2024-10-24T16:20:42Z
52,1991,99904,30576,620,male,60090,2024-10-24T16:20:42Z
52,1991,99904,30576,620,female,62407,2024-10-24T16:20:42Z
52,1991,99904,30576,630,male,96109,2024-10-24T16:20:42Z
52,1991,99904,30576,630,female,47194,2024-10-24T16:20:42Z
52,1991,99904,30576,640,male,64658,2024-10-24T16:20:42Z
52,1991,99904,30576,640,female,39101,2024-10-24T16:20:42Z
52,1991,99904,30576,650,male,114334,2024-10-24T16:20:42Z
52,1991,99904,30576,650,female,16674,2024-10-24T16:20:42Z
52,1991,99904,30576,660,male,20566,2024-10-24T16:20:42Z
52,1991,99904,30576,660,female,11200,2024-10-24T16:20:42Z
52,1991,99904,30576,670,male,20474,2024-10-24T16:20:42Z
52,1991,99904,30576,670,female,13098,2024-10-24T16:20:42Z
52,1991,99904,30576,680,female,4966,2024-10-24T16:20:42Z
52,1991,99904,30576,700,male,26897,2024-10-24T16:20:42Z
52,1991,99904,30576,710,male,16608,2024-10-24T16:20:42Z
52,1991,99904,30576,710,female,20598,2024-10-24T16:20:42Z
52,1991,99904,30576,750,female,4966,2024-10-24T16:20:42Z
52,1991,99904,30576,810,female,8045,2024-10-24T16:20:42Z
52,1991,99904,30576,860,male,8045,2024-10-24T16:20:42Z
52,1991,99904,30576,870,female,8045,2024-10-24T16:20:42Z
52,1994,99904,30576,160,male,5709,2024-10-24T16:20:42Z
52,1994,99904,30576,180,male,5709,2024-10-24T16:20:42Z
52,1994,99904,30576,180,female,15150,2024-10-24T16:20:42Z
52,1994,99904,30576,190,male,7575,2024-10-24T16:20:42Z
52,1994,99904,30576,200,male,7575,2024-10-24T16:20:42Z
52,1994,99904,30576,220,female,8140,2024-10-24T16:20:42Z
52,1994,99904,30576,230,male,5437,2024-10-24T16:20:42Z
52,1994,99904,30576,230,female,7575,2024-10-24T16:20:42Z
52,1994,99904,30576,240,male,7575,2024-10-24T16:20:42Z
52,1994,99904,30576,250,female,22724,2024-10-24T16:20:42Z
52,1994,99904,30576,260,male,1509,2024-10-24T16:20:42Z
52,1994,99904,30576,260,female,7575,2024-10-24T16:20:42Z
52,1994,99904,30576,270,male,13577,2024-10-24T16:20:42Z
52,1994,99904,30576,280,male,7575,2024-10-24T16:20:42Z
52,1994,99904,30576,280,female,42107,2024-10-24T16:20:42Z
52,1994,99904,30576,290,male,15306,2024-10-24T16:20:42Z
52,1994,99904,30576,290,female,7575,2024-10-24T16:20:42Z
52,1994,99904,30576,300,male,28433,2024-10-24T16:20:42Z
52,1994,99904,30576,300,female,15545,2024-10-24T16:20:42Z
52,1994,99904,30576,310,male,25009,2024-10-24T16:20:42Z
52,1994,99904,30576,310,female,25194,2024-10-24T16:20:42Z
52,1994,99904,30576,320,male,22671,2024-10-24T16:20:42Z
52,1994,99904,30576,320,female,52822,2024-10-24T16:20:42Z
52,1994,99904,30576,330,male,52963,2024-10-24T16:20:42Z
52,1994,99904,30576,330,female,67945,2024-10-24T16:20:42Z
52,1994,99904,30576,340,male,73166,2024-10-24T16:20:42Z
52,1994,99904,30576,340,female,94401,2024-10-24T16:20:42Z
52,1994,99904,30576,350,male,72846,2024-10-24T16:20:42Z
52,1994,99904,30576,350,female,112712,2024-10-24T16:20:42Z
52,1994,99904,30576,360,male,111956,2024-10-24T16:20:42Z
52,1994,99904,30576,360,female,159470,2024-10-24T16:20:42Z
52,1994,99904,30576,370,male,185116,2024-10-24T16:20:42Z
52,1994,99904,30576,370,female,191197,2024-10-24T16:20:42Z
52,1994,99904,30576,380,male,339708,2024-10-24T16:20:42Z
52,1994,99904,30576,380,female,281554,2024-10-24T16:20:42Z
52,1994,99904,30576,390,male,351808,2024-10-24T16:20:42Z
52,1994,99904,30576,390,female,386203,2024-10-24T16:20:42Z
52,1994,99904,30576,400,male,359123,2024-10-24T16:20:42Z
52,1994,99904,30576,400,female,497077,2024-10-24T16:20:42Z
52,1994,99904,30576,410,male,471550,2024-10-24T16:20:42Z
52,1994,99904,30576,410,female,327601,2024-10-24T16:20:42Z
52,1994,99904,30576,420,male,452153,2024-10-24T16:20:42Z
52,1994,99904,30576,420,female,516347,2024-10-24T16:20:42Z
52,1994,99904,30576,430,male,384608,2024-10-24T16:20:42Z
52,1994,99904,30576,430,female,595936,2024-10-24T16:20:42Z
52,1994,99904,30576,440,male,427154,2024-10-24T16:20:42Z
52,1994,99904,30576,440,female,506473,2024-10-24T16:20:42Z
52,1994,99904,30576,450,male,482299,2024-10-24T16:20:42Z
52,1994,99904,30576,450,female,513294,2024-10-24T16:20:42Z
52,1994,99904,30576,460,male,419207,2024-10-24T16:20:42Z
52,1994,99904,30576,460,female,399217,2024-10-24T16:20:42Z
52,1994,99904,30576,470,male,323246,2024-10-24T16:20:42Z
52,1994,99904,30576,470,female,455060,2024-10-24T16:20:42Z
52,1994,99904,30576,480,male,400173,2024-10-24T16:20:42Z
52,1994,99904,30576,480,female,398657,2024-10-24T16:20:42Z
52,1994,99904,30576,490,male,246493,2024-10-24T16:20:42Z
52,1994,99904,30576,490,female,289108,2024-10-24T16:20:42Z
52,1994,99904,30576,500,male,231839,2024-10-24T16:20:42Z
52,1994,99904,30576,500,female,270571,2024-10-24T16:20:42Z
52,1994,99904,30576,510,male,241628,2024-10-24T16:20:42Z
52,1994,99904,30576,510,female,291922,2024-10-24T16:20:42Z
52,1994,99904,30576,520,male,153728,2024-10-24T16:20:42Z
52,1994,99904,30576,520,female,228869,2024-10-24T16:20:42Z
52,1994,99904,30576,530,male,118897,2024-10-24T16:20:42Z
52,1994,99904,30576,530,female,169989,2024-10-24T16:20:42Z
52,1994,99904,30576,540,male,79537,2024-10-24T16:20:42Z
52,1994,99904,30576,540,female,131315,2024-10-24T16:20:42Z
52,1994,99904,30576,550,male,141212,2024-10-24T16:20:42Z
52,1994,99904,30576,550,female,107278,2024-10-24T16:20:42Z
52,1994,99904,30576,560,male,88117,2024-10-24T16:20:42Z
52,1994,99904,30576,560,female,121879,2024-10-24T16:20:42Z
52,1994,99904,30576,570,male,37512,2024-10-24T16:20:42Z
52,1994,99904,30576,570,female,69034,2024-10-24T16:20:42Z
52,1994,99904,30576,580,male,20879,2024-10-24T16:20:42Z
52,1994,99904,30576,580,female,67859,2024-10-24T16:20:42Z
52,1994,99904,30576,590,male,52998,2024-10-24T16:20:42Z
52,1994,99904,30576,590,female,66644,2024-10-24T16:20:42Z
52,1994,99904,30576,600,male,26516,2024-10-24T16:20:42Z
52,1994,99904,30576,600,female,22955,2024-10-24T16:20:42Z
52,1994,99904,30576,610,male,28198,2024-10-24T16:20:42Z
52,1994,99904,30576,610,female,63258,2024-10-24T16:20:42Z
52,1994,99904,30576,620,male,29411,2024-10-24T16:20:42Z
52,1994,99904,30576,620,female,9106,2024-10-24T16:20:42Z
52,1994,99904,30576,630,male,49758,2024-10-24T16:20:42Z
52,1994,99904,30576,630,female,27426,2024-10-24T16:20:42Z
52,1994,99904,30576,640,male,15984,2024-10-24T16:20:42Z
52,1994,99904,30576,640,female,27601,2024-10-24T16:20:42Z
52,1994,99904,30576,650,male,16647,2024-10-24T16:20:42Z
52,1994,99904,30576,650,female,7578,2024-10-24T16:20:42Z
52,1994,99904,30576,660,male,8140,2024-10-24T16:20:42Z
52,1994,99904,30576,660,female,31114,2024-10-24T16:20:42Z
52,1994,99904,30576,670,male,20178,2024-10-24T16:20:42Z
52,1994,99904,30576,670,female,17306,2024-10-24T16:20:42Z
52,1994,99904,30576,680,male,10255,2024-10-24T16:20:42Z
52,1994,99904,30576,680,female,7492,2024-10-24T16:20:42Z
52,1994,99904,30576,690,male,2110,2024-10-24T16:20:42Z
52,1994,99904,30576,690,female,13183,2024-10-24T16:20:42Z
52,1994,99904,30576,700,female,18524,2024-10-24T16:20:42Z
52,1994,99904,30576,710,male,3449,2024-10-24T16:20:42Z
52,1994,99904,30576,720,female,15537,2024-10-24T16:20:42Z
52,1994,99904,30576,730,male,3850,2024-10-24T16:20:42Z
52,1994,99904,30576,730,female,10493,2024-10-24T16:20:42Z
52,1994,99904,30576,740,male,14423,2024-10-24T16:20:42Z
52,1994,99904,30576,740,female,5717,2024-10-24T16:20:42Z
52,1994,99904,30576,750,male,6806,2024-10-24T16:20:42Z
52,1994,99904,30576,750,female,10493,2024-10-24T16:20:42Z
52,1994,99904,30576,760,male,14423,2024-10-24T16:20:42Z
52,1994,99904,30576,770,male,14423,2024-10-24T16:20:42Z
52,1994,99904,30576,770,female,4699,2024-10-24T16:20:42Z
52,1994,99904,30576,790,female,13748,2024-10-24T16:20:42Z
52,1994,99904,30576,800,male,8031,2024-10-24T16:20:42Z
52,1994,99904,30576,810,male,8743,2024-10-24T16:20:42Z
52,1994,99904,30576,830,male,17486,2024-10-24T16:20:42Z
52,1994,99904,30576,840,female,8743,2024-10-24T16:20:42Z
52,1994,99904,30576,860,female,17486,2024-10-24T16:20:42Z
52,1994,99904,30576,930,male,8743,2024-10-24T16:20:42Z
52,1994,99904,30576,940,female,17486,2024-10-24T16:20:42Z
52,1994,99904,30576,950,male,8743,2024-10-24T16:20:42Z
52,1994,99904,30576,960,female,8743,2024-10-24T16:20:42Z
52,1994,99904,30576,970,female,8743,2024-10-24T16:20:42Z
52,1997,99904,30576,140,male,3452,2024-10-24T16:20:42Z
52,1997,99904,30576,200,female,13357,2024-10-24T16:20:42Z
52,1997,99904,30576,210,male,13106,2024-10-24T16:20:42Z
52,1997,99904,30576,230,male,24351,2024-10-24T16:20:42Z
52,1997,99904,30576,230,female,7136,2024-10-24T16:20:42Z
52,1997,99904,30576,280,male,15270,2024-10-24T16:20:42Z
52,1997,99904,30576,280,female,15270,2024-10-24T16:20:42Z
52,1997,99904,30576,290,male,33865,2024-10-24T16:20:42Z
52,1997,99904,30576,290,female,49239,2024-10-24T16:20:42Z
52,1997,99904,30576,300,male,46690,2024-10-24T16:20:42Z
52,1997,99904,30576,320,male,29835,2024-10-24T16:20:42Z
52,1997,99904,30576,320,female,62479,2024-10-24T16:20:42Z
52,1997,99904,30576,330,male,57426,2024-10-24T16:20:42Z
52,1997,99904,30576,330,female,14917,2024-10-24T16:20:42Z
52,1997,99904,30576,340,male,49386,2024-10-24T16:20:42Z
52,1997,99904,30576,340,female,89474,2024-10-24T16:20:42Z
52,1997,99904,30576,350,male,54065,2024-10-24T16:20:42Z
52,1997,99904,30576,350,female,65463,2024-10-24T16:20:42Z
52,1997,99904,30576,360,male,110830,2024-10-24T16:20:42Z
52,1997,99904,30576,360,female,197697,2024-10-24T16:20:42Z
52,1997,99904,30576,370,male,220603,2024-10-24T16:20:42Z
52,1997,99904,30576,370,female,131341,2024-10-24T16:20:42Z
52,1997,99904,30576,380,male,213779,2024-10-24T16:20:42Z
52,1997,99904,30576,380,female,176228,2024-10-24T16:20:42Z
52,1997,99904,30576,390,male,286301,2024-10-24T16:20:42Z
52,1997,99904,30576,390,female,319947,2024-10-24T16:20:42Z
52,1997,99904,30576,400,male,309666,2024-10-24T16:20:42Z
52,1997,99904,30576,400,female,470113,2024-10-24T16:20:42Z
52,1997,99904,30576,410,male,342595,2024-10-24T16:20:42Z
52,1997,99904,30576,410,female,644825,2024-10-24T16:20:42Z
52,1997,99904,30576,420,male,452044,2024-10-24T16:20:42Z
52,1997,99904,30576,420,female,552118,2024-10-24T16:20:42Z
52,1997,99904,30576,430,male,584479,2024-10-24T16:20:42Z
52,1997,99904,30576,430,female,612181,2024-10-24T16:20:42Z
52,1997,99904,30576,440,male,607294,2024-10-24T16:20:42Z
52,1997,99904,30576,440,female,676641,2024-10-24T16:20:42Z
52,1997,99904,30576,450,male,564830,2024-10-24T16:20:42Z
52,1997,99904,30576,450,female,832394,2024-10-24T16:20:42Z
52,1997,99904,30576,460,male,523132,2024-10-24T16:20:42Z
52,1997,99904,30576,460,female,535788,2024-10-24T16:20:42Z
52,1997,99904,30576,470,male,743411,2024-10-24T16:20:42Z
52,1997,99904,30576,470,female,992669,2024-10-24T16:20:42Z
52,1997,99904,30576,480,male,679118,2024-10-24T16:20:42Z
52,1997,99904,30576,480,female,601607,2024-10-24T16:20:42Z
52,1997,99904,30576,490,male,564771,2024-10-24T16:20:42Z
52,1997,99904,30576,490,female,511949,2024-10-24T16:20:42Z
52,1997,99904,30576,500,male,666767,2024-10-24T16:20:42Z
52,1997,99904,30576,500,female,499266,2024-10-24T16:20:42Z
52,1997,99904,30576,510,male,344970,2024-10-24T16:20:42Z
52,1997,99904,30576,510,female,363513,2024-10-24T16:20:42Z
52,1997,99904,30576,520,male,306284,2024-10-24T16:20:42Z
52,1997,99904,30576,520,female,398829,2024-10-24T16:20:42Z
52,1997,99904,30576,530,male,331744,2024-10-24T16:20:42Z
52,1997,99904,30576,530,female,275639,2024-10-24T16:20:42Z
52,1997,99904,30576,540,male,204156,2024-10-24T16:20:42Z
52,1997,99904,30576,540,female,283044,2024-10-24T16:20:42Z
52,1997,99904,30576,550,male,218936,2024-10-24T16:20:42Z
52,1997,99904,30576,550,female,180227,2024-10-24T16:20:42Z
52,1997,99904,30576,560,male,145692,2024-10-24T16:20:42Z
52,1997,99904,30576,560,female,242338,2024-10-24T16:20:42Z
52,1997,99904,30576,570,male,89358,2024-10-24T16:20:42Z
52,1997,99904,30576,570,female,67717,2024-10-24T16:20:42Z
52,1997,99904,30576,580,male,89457,2024-10-24T16:20:42Z
52,1997,99904,30576,580,female,98287,2024-10-24T16:20:42Z
52,1997,99904,30576,590,male,50637,2024-10-24T16:20:42Z
52,1997,99904,30576,590,female,51208,2024-10-24T16:20:42Z
52,1997,99904,30576,600,male,23908,2024-10-24T16:20:42Z
52,1997,99904,30576,600,female,74480,2024-10-24T16:20:42Z
52,1997,99904,30576,610,male,39012,2024-10-24T16:20:42Z
52,1997,99904,30576,610,female,56909,2024-10-24T16:20:42Z
52,1997,99904,30576,620,male,39872,2024-10-24T16:20:42Z
52,1997,99904,30576,620,female,31197,2024-10-24T16:20:42Z
52,1997,99904,30576,630,male,24138,2024-10-24T16:20:42Z
52,1997,99904,30576,630,female,9461,2024-10-24T16:20:42Z
52,1997,99904,30576,640,male,38944,2024-10-24T16:20:42Z
52,1997,99904,30576,640,female,2131,2024-10-24T16:20:42Z
52,1997,99904,30576,650,male,3703,2024-10-24T16:20:42Z
52,1997,99904,30576,650,female,28214,2024-10-24T16:20:42Z
52,1997,99904,30576,660,male,11083,2024-10-24T16:20:42Z
52,1997,99904,30576,660,female,2808,2024-10-24T16:20:42Z
52,1997,99904,30576,670,male,18966,2024-10-24T16:20:42Z
52,1997,99904,30576,670,female,31606,2024-10-24T16:20:42Z
52,1997,99904,30576,680,female,22494,2024-10-24T16:20:42Z
52,1997,99904,30576,690,female,3070,2024-10-24T16:20:42Z
52,1997,99904,30576,700,male,16147,2024-10-24T16:20:42Z
52,1997,99904,30576,700,female,28234,2024-10-24T16:20:42Z
52,1997,99904,30576,710,male,19605,2024-10-24T16:20:42Z
52,1997,99904,30576,710,female,6886,2024-10-24T16:20:42Z
52,1997,99904,30576,720,male,13317,2024-10-24T16:20:42Z
52,1997,99904,30576,730,male,17161,2024-10-24T16:20:42Z
52,1997,99904,30576,820,female,16166,2024-10-24T16:20:42Z
52,1997,99904,30576,840,male,16166,2024-10-24T16:20:42Z
52,1997,99904,30576,870,male,16166,2024-10-24T16:20:42Z
52,1997,99904,30576,900,female,16166,2024-10-24T16:20:42Z
52,1997,99904,30576,910,male,16166,2024-10-24T16:20:42Z
52,1997,99904,30576,920,male,16166,2024-10-24T16:20:42Z
52,1997,99904,30576,920,female,16166,2024-10-24T16:20:42Z
52,1997,99904,30576,950,female,32331,2024-10-24T16:20:42Z
52,1997,99904,30576,960,female,16166,2024-10-24T16:20:42Z
52,2002,99904,30576,600,female,71239,2024-10-24T16:20:42Z
52,2002,99904,30576,610,male,68124,2024-10-24T16:20:42Z
52,2002,99904,30576,610,female,57620,2024-10-24T16:20:42Z
52,2002,99904,30576,620,male,28694,2024-10-24T16:20:42Z
52,2002,99904,30576,620,female,18973,2024-10-24T16:20:42Z
52,2002,99904,30576,630,male,11703,2024-10-24T16:20:42Z
52,2002,99904,30576,630,female,36596,2024-10-24T16:20:42Z
52,2002,99904,30576,640,female,23038,2024-10-24T16:20:42Z
52,2002,99904,30576,650,female,13387,2024-10-24T16:20:42Z
52,2002,99904,30576,660,male,6383,2024-10-24T16:20:42Z
52,2002,99904,30576,660,female,40751,2024-10-24T16:20:42Z
52,2002,99904,30576,670,male,11879,2024-10-24T16:20:42Z
52,2002,99904,30576,680,female,2870,2024-10-24T16:20:42Z
52,2002,99904,30576,690,male,6675,2024-10-24T16:20:42Z
52,2002,99904,30576,690,female,9301,2024-10-24T16:20:42Z
52,2002,99904,30576,700,female,13202,2024-10-24T16:20:42Z
52,2002,99904,30576,720,female,16133,2024-10-24T16:20:42Z
52,2002,99904,30576,730,male,2626,2024-10-24T16:20:42Z
52,2002,99904,30576,730,female,6675,2024-10-24T16:20:42Z
52,2002,99904,30576,760,female,9301,2024-10-24T16:20:42Z
52,2002,99904,30576,770,female,9545,2024-10-24T16:20:42Z
52,2002,99904,30576,790,female,8375,2024-10-24T16:20:42Z
52,2002,99904,30576,900,male,6675,2024-10-24T16:20:42Z
52,2002,99904,30576,900,female,6675,2024-10-24T16:20:42Z
52,2002,99904,30576,950,female,6179,2024-10-24T16:20:42Z
52,2002,99904,30576,990,male,6675,2024-10-24T16:20:42Z
52,2002,99904,30576,110,unsexed,8599,2024-10-24T16:20:42Z
52,2002,99904,30576,140,male,16604,2024-10-24T16:20:42Z
52,2002,99904,30576,140,female,6207,2024-10-24T16:20:42Z
52,2002,99904,30576,150,male,16604,2024-10-24T16:20:42Z
52,2002,99904,30576,160,female,33562,2024-10-24T16:20:42Z
52,2002,99904,30576,210,male,6207,2024-10-24T16:20:42Z
52,2002,99904,30576,220,male,6383,2024-10-24T16:20:42Z
52,2002,99904,30576,230,male,6383,2024-10-24T16:20:42Z
52,2002,99904,30576,240,male,33562,2024-10-24T16:20:42Z
52,2002,99904,30576,240,female,6383,2024-10-24T16:20:42Z
52,2002,99904,30576,250,male,6159,2024-10-24T16:20:42Z
52,2002,99904,30576,250,female,33562,2024-10-24T16:20:42Z
52,2002,99904,30576,260,male,12415,2024-10-24T16:20:42Z
52,2002,99904,30576,260,female,33562,2024-10-24T16:20:42Z
52,2002,99904,30576,280,male,14168,2024-10-24T16:20:42Z
52,2002,99904,30576,280,female,15233,2024-10-24T16:20:42Z
52,2002,99904,30576,290,male,15233,2024-10-24T16:20:42Z
52,2002,99904,30576,300,female,47895,2024-10-24T16:20:42Z
52,2002,99904,30576,310,male,6179,2024-10-24T16:20:42Z
52,2002,99904,30576,310,female,37777,2024-10-24T16:20:42Z
52,2002,99904,30576,320,male,50166,2024-10-24T16:20:42Z
52,2002,99904,30576,320,female,21441,2024-10-24T16:20:42Z
52,2002,99904,30576,330,female,74365,2024-10-24T16:20:42Z
52,2002,99904,30576,340,male,40863,2024-10-24T16:20:42Z
52,2002,99904,30576,350,male,6945,2024-10-24T16:20:42Z
52,2002,99904,30576,350,female,21605,2024-10-24T16:20:42Z
52,2002,99904,30576,360,male,102345,2024-10-24T16:20:42Z
52,2002,99904,30576,360,female,51304,2024-10-24T16:20:42Z
52,2002,99904,30576,370,male,72115,2024-10-24T16:20:42Z
52,2002,99904,30576,370,female,92542,2024-10-24T16:20:42Z
52,2002,99904,30576,380,male,67291,2024-10-24T16:20:42Z
52,2002,99904,30576,380,female,75591,2024-10-24T16:20:42Z
52,2002,99904,30576,390,male,170537,2024-10-24T16:20:42Z
52,2002,99904,30576,390,female,162601,2024-10-24T16:20:42Z
52,2002,99904,30576,400,male,195882,2024-10-24T16:20:42Z
52,2002,99904,30576,400,female,201750,2024-10-24T16:20:42Z
52,2002,99904,30576,410,male,233498,2024-10-24T16:20:42Z
52,2002,99904,30576,410,female,112732,2024-10-24T16:20:42Z
52,2002,99904,30576,420,male,221789,2024-10-24T16:20:42Z
52,2002,99904,30576,420,female,218909,2024-10-24T16:20:42Z
52,2002,99904,30576,430,male,208090,2024-10-24T16:20:42Z
52,2002,99904,30576,430,female,230077,2024-10-24T16:20:42Z
52,2002,99904,30576,440,male,174216,2024-10-24T16:20:42Z
52,2002,99904,30576,440,female,284026,2024-10-24T16:20:42Z
52,2002,99904,30576,450,male,200267,2024-10-24T16:20:42Z
52,2002,99904,30576,450,female,218273,2024-10-24T16:20:42Z
52,2002,99904,30576,460,male,173325,2024-10-24T16:20:42Z
52,2002,99904,30576,460,female,162352,2024-10-24T16:20:42Z
52,2002,99904,30576,470,male,243382,2024-10-24T16:20:42Z
52,2002,99904,30576,470,female,203796,2024-10-24T16:20:42Z
52,2002,99904,30576,480,male,105244,2024-10-24T16:20:42Z
52,2002,99904,30576,480,female,207690,2024-10-24T16:20:42Z
52,2002,99904,30576,490,male,149041,2024-10-24T16:20:42Z
52,2002,99904,30576,490,female,164738,2024-10-24T16:20:42Z
52,2002,99904,30576,500,male,161935,2024-10-24T16:20:42Z
52,2002,99904,30576,500,female,254554,2024-10-24T16:20:42Z
52,2002,99904,30576,510,male,245823,2024-10-24T16:20:42Z
52,2002,99904,30576,510,female,69817,2024-10-24T16:20:42Z
52,2002,99904,30576,520,male,103399,2024-10-24T16:20:42Z
52,2002,99904,30576,520,female,204433,2024-10-24T16:20:42Z
52,2002,99904,30576,530,male,83683,2024-10-24T16:20:42Z
52,2002,99904,30576,530,female,122243,2024-10-24T16:20:42Z
52,2002,99904,30576,540,male,140395,2024-10-24T16:20:42Z
52,2002,99904,30576,540,female,170201,2024-10-24T16:20:42Z
52,2002,99904,30576,550,male,173421,2024-10-24T16:20:42Z
52,2002,99904,30576,550,female,99799,2024-10-24T16:20:42Z
52,2002,99904,30576,560,male,96344,2024-10-24T16:20:42Z
52,2002,99904,30576,560,female,161539,2024-10-24T16:20:42Z
52,2002,99904,30576,570,male,102125,2024-10-24T16:20:42Z
52,2002,99904,30576,570,female,93149,2024-10-24T16:20:42Z
52,2002,99904,30576,580,male,54632,2024-10-24T16:20:42Z
52,2002,99904,30576,580,female,72187,2024-10-24T16:20:42Z
52,2002,99904,30576,590,male,52129,2024-10-24T16:20:42Z
52,2002,99904,30576,590,female,92861,2024-10-24T16:20:42Z
52,2002,99904,30576,600,male,77775,2024-10-24T16:20:42Z
52,2000,99904,30576,120,unsexed,13858,2024-10-24T16:20:42Z
52,2000,99904,30576,130,male,9460,2024-10-24T16:20:42Z
52,2000,99904,30576,140,male,9460,2024-10-24T16:20:42Z
52,2000,99904,30576,160,female,9460,2024-10-24T16:20:42Z
52,2000,99904,30576,170,female,2889,2024-10-24T16:20:42Z
52,2000,99904,30576,190,female,9460,2024-10-24T16:20:42Z
52,2000,99904,30576,200,female,16753,2024-10-24T16:20:42Z
52,2000,99904,30576,210,male,16753,2024-10-24T16:20:42Z
52,2000,99904,30576,220,female,9460,2024-10-24T16:20:42Z
52,2000,99904,30576,230,male,9460,2024-10-24T16:20:42Z
52,2000,99904,30576,230,female,9460,2024-10-24T16:20:42Z
52,2000,99904,30576,240,male,9460,2024-10-24T16:20:42Z
52,2000,99904,30576,260,male,6585,2024-10-24T16:20:42Z
52,2000,99904,30576,280,male,20816,2024-10-24T16:20:42Z
52,2000,99904,30576,290,male,9460,2024-10-24T16:20:42Z
52,2000,99904,30576,290,female,13858,2024-10-24T16:20:42Z
52,2000,99904,30576,300,male,6341,2024-10-24T16:20:42Z
52,2000,99904,30576,300,female,10292,2024-10-24T16:20:42Z
52,2000,99904,30576,310,male,29787,2024-10-24T16:20:42Z
52,2000,99904,30576,310,female,9460,2024-10-24T16:20:42Z
52,2000,99904,30576,320,male,45445,2024-10-24T16:20:42Z
52,2000,99904,30576,320,female,34747,2024-10-24T16:20:42Z
52,2000,99904,30576,330,male,16749,2024-10-24T16:20:42Z
52,2000,99904,30576,330,female,9936,2024-10-24T16:20:42Z
52,2000,99904,30576,340,male,65200,2024-10-24T16:20:42Z
52,2000,99904,30576,340,female,26382,2024-10-24T16:20:42Z
52,2000,99904,30576,350,male,51202,2024-10-24T16:20:42Z
52,2000,99904,30576,350,female,78036,2024-10-24T16:20:42Z
52,2000,99904,30576,360,male,96534,2024-10-24T16:20:42Z
52,2000,99904,30576,360,female,119545,2024-10-24T16:20:42Z
52,2000,99904,30576,370,male,195047,2024-10-24T16:20:42Z
52,2000,99904,30576,370,female,157531,2024-10-24T16:20:42Z
52,2000,99904,30576,380,male,157529,2024-10-24T16:20:42Z
52,2000,99904,30576,380,female,116818,2024-10-24T16:20:42Z
52,2000,99904,30576,390,male,356129,2024-10-24T16:20:42Z
52,2000,99904,30576,390,female,231655,2024-10-24T16:20:42Z
52,2000,99904,30576,400,male,204536,2024-10-24T16:20:42Z
52,2000,99904,30576,400,female,280223,2024-10-24T16:20:42Z
52,2000,99904,30576,410,male,397521,2024-10-24T16:20:42Z
52,2000,99904,30576,410,female,347287,2024-10-24T16:20:42Z
52,2000,99904,30576,420,male,328052,2024-10-24T16:20:42Z
52,2000,99904,30576,420,female,570864,2024-10-24T16:20:42Z
52,2000,99904,30576,430,male,382594,2024-10-24T16:20:42Z
52,2000,99904,30576,430,female,405444,2024-10-24T16:20:42Z
52,2000,99904,30576,440,male,373616,2024-10-24T16:20:42Z
52,2000,99904,30576,440,female,405490,2024-10-24T16:20:42Z
52,2000,99904,30576,450,male,391859,2024-10-24T16:20:42Z
52,2000,99904,30576,450,female,475435,2024-10-24T16:20:42Z
52,2000,99904,30576,460,male,411725,2024-10-24T16:20:42Z
52,2000,99904,30576,460,female,329720,2024-10-24T16:20:42Z
52,2000,99904,30576,470,male,475840,2024-10-24T16:20:42Z
52,2000,99904,30576,470,female,502004,2024-10-24T16:20:42Z
52,2000,99904,30576,480,male,432839,2024-10-24T16:20:42Z
52,2000,99904,30576,480,female,511903,2024-10-24T16:20:42Z
52,2000,99904,30576,490,male,422744,2024-10-24T16:20:42Z
52,2000,99904,30576,490,female,330404,2024-10-24T16:20:42Z
52,2000,99904,30576,500,male,509976,2024-10-24T16:20:42Z
52,2000,99904,30576,500,female,446510,2024-10-24T16:20:42Z
52,2000,99904,30576,510,male,313212,2024-10-24T16:20:42Z
52,2000,99904,30576,510,female,425638,2024-10-24T16:20:42Z
52,2000,99904,30576,520,male,397931,2024-10-24T16:20:42Z
52,2000,99904,30576,520,female,342635,2024-10-24T16:20:42Z
52,2000,99904,30576,530,male,311487,2024-10-24T16:20:42Z
52,2000,99904,30576,530,female,242013,2024-10-24T16:20:42Z
52,2000,99904,30576,540,male,144277,2024-10-24T16:20:42Z
52,2000,99904,30576,540,female,225884,2024-10-24T16:20:42Z
52,2000,99904,30576,550,male,237096,2024-10-24T16:20:42Z
52,2000,99904,30576,550,female,151188,2024-10-24T16:20:42Z
52,2000,99904,30576,560,male,180870,2024-10-24T16:20:42Z
52,2000,99904,30576,560,female,120315,2024-10-24T16:20:42Z
52,2000,99904,30576,570,male,122336,2024-10-24T16:20:42Z
52,2000,99904,30576,570,female,211087,2024-10-24T16:20:42Z
52,2000,99904,30576,580,male,85510,2024-10-24T16:20:42Z
52,2000,99904,30576,580,female,229006,2024-10-24T16:20:42Z
52,2000,99904,30576,590,male,277248,2024-10-24T16:20:42Z
52,2000,99904,30576,590,female,205966,2024-10-24T16:20:42Z
52,2000,99904,30576,600,male,130190,2024-10-24T16:20:42Z
52,2000,99904,30576,600,female,280743,2024-10-24T16:20:42Z
52,2000,99904,30576,610,male,158380,2024-10-24T16:20:42Z
52,2000,99904,30576,610,female,122012,2024-10-24T16:20:42Z
52,2000,99904,30576,620,male,150594,2024-10-24T16:20:42Z
52,2000,99904,30576,620,female,161939,2024-10-24T16:20:42Z
52,2000,99904,30576,630,male,60345,2024-10-24T16:20:42Z
52,2000,99904,30576,630,female,71089,2024-10-24T16:20:42Z
52,2000,99904,30576,640,male,45833,2024-10-24T16:20:42Z
52,2000,99904,30576,640,female,36108,2024-10-24T16:20:42Z
52,2000,99904,30576,650,male,71089,2024-10-24T16:20:42Z
52,2000,99904,30576,650,female,81328,2024-10-24T16:20:42Z
52,2000,99904,30576,660,male,56787,2024-10-24T16:20:42Z
52,2000,99904,30576,660,female,35291,2024-10-24T16:20:42Z
52,2000,99904,30576,670,male,55657,2024-10-24T16:20:42Z
52,2000,99904,30576,670,female,24381,2024-10-24T16:20:42Z
52,2000,99904,30576,680,male,73629,2024-10-24T16:20:42Z
52,2000,99904,30576,680,female,39376,2024-10-24T16:20:42Z
52,2000,99904,30576,690,male,29719,2024-10-24T16:20:42Z
52,2000,99904,30576,690,female,34880,2024-10-24T16:20:42Z
52,2000,99904,30576,700,male,48056,2024-10-24T16:20:42Z
52,2000,99904,30576,710,male,7799,2024-10-24T16:20:42Z
52,2000,99904,30576,710,female,1457,2024-10-24T16:20:42Z
52,2000,99904,30576,720,male,13074,2024-10-24T16:20:42Z
52,2000,99904,30576,720,female,17316,2024-10-24T16:20:42Z
52,2000,99904,30576,730,male,14127,2024-10-24T16:20:42Z
52,2000,99904,30576,740,male,9645,2024-10-24T16:20:42Z
52,2000,99904,30576,780,male,2540,2024-10-24T16:20:42Z
52,2000,99904,30576,790,female,6609,2024-10-24T16:20:42Z
52,2000,99904,30576,800,female,2837,2024-10-24T16:20:42Z
52,2000,99904,30576,840,male,9136,2024-10-24T16:20:42Z
52,2000,99904,30576,880,female,9136,2024-10-24T16:20:42Z
52,2000,99904,30576,920,female,9136,2024-10-24T16:20:42Z
52,2000,99904,30576,990,male,9136,2024-10-24T16:20:42Z
52,2000,99904,30576,1030,female,8205,2024-10-24T16:20:42Z
52,2004,99904,30576,110,unsexed,10526,2024-10-24T16:20:42Z
52,2004,99904,30576,160,male,11316,2024-10-24T16:20:42Z
52,2004,99904,30576,180,male,47657,2024-10-24T16:20:42Z
52,2004,99904,30576,190,female,15321,2024-10-24T16:20:42Z
52,2004,99904,30576,210,male,11316,2024-10-24T16:20:42Z
52,2004,99904,30576,230,male,9021,2024-10-24T16:20:42Z
52,2004,99904,30576,250,male,15834,2024-10-24T16:20:42Z
52,2004,99904,30576,250,female,10526,2024-10-24T16:20:42Z
52,2004,99904,30576,270,male,27037,2024-10-24T16:20:42Z
52,2004,99904,30576,280,male,11599,2024-10-24T16:20:42Z
52,2004,99904,30576,290,male,17611,2024-10-24T16:20:42Z
52,2004,99904,30576,290,female,7581,2024-10-24T16:20:42Z
52,2004,99904,30576,300,male,14170,2024-10-24T16:20:42Z
52,2004,99904,30576,310,male,25037,2024-10-24T16:20:42Z
52,2004,99904,30576,310,female,28577,2024-10-24T16:20:42Z
52,2004,99904,30576,320,male,13567,2024-10-24T16:20:42Z
52,2004,99904,30576,320,female,48146,2024-10-24T16:20:42Z
52,2004,99904,30576,330,male,15890,2024-10-24T16:20:42Z
52,2004,99904,30576,330,female,9452,2024-10-24T16:20:42Z
52,2004,99904,30576,340,male,81843,2024-10-24T16:20:42Z
52,2004,99904,30576,340,female,64528,2024-10-24T16:20:42Z
52,2004,99904,30576,350,male,58281,2024-10-24T16:20:42Z
52,2004,99904,30576,350,female,52292,2024-10-24T16:20:42Z
52,2004,99904,30576,360,male,110956,2024-10-24T16:20:42Z
52,2004,99904,30576,360,female,91369,2024-10-24T16:20:42Z
52,2004,99904,30576,370,male,196265,2024-10-24T16:20:42Z
52,2004,99904,30576,370,female,132848,2024-10-24T16:20:42Z
52,2004,99904,30576,380,male,196188,2024-10-24T16:20:42Z
52,2004,99904,30576,380,female,260224,2024-10-24T16:20:42Z
52,2004,99904,30576,390,male,157859,2024-10-24T16:20:42Z
52,2004,99904,30576,390,female,223129,2024-10-24T16:20:42Z
52,2004,99904,30576,400,male,256081,2024-10-24T16:20:42Z
52,2004,99904,30576,400,female,285282,2024-10-24T16:20:42Z
52,2004,99904,30576,410,male,305544,2024-10-24T16:20:42Z
52,2004,99904,30576,410,female,394837,2024-10-24T16:20:42Z
52,2004,99904,30576,420,male,402550,2024-10-24T16:20:42Z
52,2004,99904,30576,420,female,437126,2024-10-24T16:20:42Z
52,2004,99904,30576,430,male,287682,2024-10-24T16:20:42Z
52,2004,99904,30576,430,female,311958,2024-10-24T16:20:42Z
52,2004,99904,30576,440,male,258077,2024-10-24T16:20:42Z
52,2004,99904,30576,440,female,407034,2024-10-24T16:20:42Z
52,2004,99904,30576,450,male,404070,2024-10-24T16:20:42Z
52,2004,99904,30576,450,female,431541,2024-10-24T16:20:42Z
52,2004,99904,30576,460,male,265365,2024-10-24T16:20:42Z
52,2004,99904,30576,460,female,400059,2024-10-24T16:20:42Z
52,2004,99904,30576,470,male,349356,2024-10-24T16:20:42Z
52,2004,99904,30576,470,female,440212,2024-10-24T16:20:42Z
52,2004,99904,30576,480,male,316377,2024-10-24T16:20:42Z
52,2004,99904,30576,480,female,221514,2024-10-24T16:20:42Z
52,2004,99904,30576,490,male,322728,2024-10-24T16:20:42Z
52,2004,99904,30576,490,female,265768,2024-10-24T16:20:42Z
52,2004,99904,30576,500,male,429420,2024-10-24T16:20:42Z
52,2004,99904,30576,500,female,299444,2024-10-24T16:20:42Z
52,2004,99904,30576,510,male,265657,2024-10-24T16:20:42Z
52,2004,99904,30576,510,female,381787,2024-10-24T16:20:42Z
52,2004,99904,30576,520,male,221530,2024-10-24T16:20:42Z
52,2004,99904,30576,520,female,327242,2024-10-24T16:20:42Z
52,2004,99904,30576,530,male,369108,2024-10-24T16:20:42Z
52,2004,99904,30576,530,female,315068,2024-10-24T16:20:42Z
52,2004,99904,30576,540,male,263559,2024-10-24T16:20:42Z
52,2004,99904,30576,540,female,205809,2024-10-24T16:20:42Z
52,2004,99904,30576,550,male,256363,2024-10-24T16:20:42Z
52,2004,99904,30576,550,female,141734,2024-10-24T16:20:42Z
52,2004,99904,30576,560,male,173891,2024-10-24T16:20:42Z
52,2004,99904,30576,560,female,166424,2024-10-24T16:20:42Z
52,2004,99904,30576,570,male,259346,2024-10-24T16:20:42Z
52,2004,99904,30576,570,female,164108,2024-10-24T16:20:42Z
52,2004,99904,30576,580,male,111275,2024-10-24T16:20:42Z
52,2004,99904,30576,580,female,153017,2024-10-24T16:20:42Z
52,2004,99904,30576,590,male,182312,2024-10-24T16:20:42Z
52,2004,99904,30576,590,female,63957,2024-10-24T16:20:42Z
52,2004,99904,30576,600,male,131913,2024-10-24T16:20:42Z
52,2004,99904,30576,600,female,119917,2024-10-24T16:20:42Z
52,2004,99904,30576,610,male,329505,2024-10-24T16:20:42Z
52,2004,99904,30576,610,female,60019,2024-10-24T16:20:42Z
52,2004,99904,30576,620,male,221579,2024-10-24T16:20:42Z
52,2004,99904,30576,620,female,83850,2024-10-24T16:20:42Z
52,2004,99904,30576,630,male,91273,2024-10-24T16:20:42Z
52,2004,99904,30576,630,female,50756,2024-10-24T16:20:42Z
52,2004,99904,30576,640,male,8684,2024-10-24T16:20:42Z
52,2004,99904,30576,640,female,97841,2024-10-24T16:20:42Z
52,2004,99904,30576,650,male,68617,2024-10-24T16:20:42Z
52,2004,99904,30576,650,female,7459,2024-10-24T16:20:42Z
52,2004,99904,30576,660,male,64016,2024-10-24T16:20:42Z
52,2004,99904,30576,660,female,55554,2024-10-24T16:20:42Z
52,2004,99904,30576,670,male,59621,2024-10-24T16:20:42Z
52,2004,99904,30576,670,female,30271,2024-10-24T16:20:42Z
52,2004,99904,30576,680,male,60987,2024-10-24T16:20:42Z
52,2004,99904,30576,680,female,6840,2024-10-24T16:20:42Z
52,2004,99904,30576,690,male,48555,2024-10-24T16:20:42Z
52,2004,99904,30576,690,female,13936,2024-10-24T16:20:42Z
52,2004,99904,30576,700,male,15117,2024-10-24T16:20:42Z
52,2004,99904,30576,700,female,12234,2024-10-24T16:20:42Z
52,2004,99904,30576,710,male,15917,2024-10-24T16:20:42Z
52,2004,99904,30576,710,female,1282,2024-10-24T16:20:42Z
52,2004,99904,30576,720,male,8515,2024-10-24T16:20:42Z
52,2004,99904,30576,720,female,1215,2024-10-24T16:20:42Z
52,2004,99904,30576,730,male,2589,2024-10-24T16:20:42Z
52,2004,99904,30576,730,female,1225,2024-10-24T16:20:42Z
52,2004,99904,30576,740,male,1225,2024-10-24T16:20:42Z
52,2004,99904,30576,750,female,8917,2024-10-24T16:20:42Z
52,2004,99904,30576,760,male,1225,2024-10-24T16:20:42Z
52,2004,99904,30576,770,male,7085,2024-10-24T16:20:42Z
52,2004,99904,30576,770,female,1225,2024-10-24T16:20:42Z
52,2004,99904,30576,860,male,10355,2024-10-24T16:20:42Z
52,2004,99904,30576,880,female,3985,2024-10-24T16:20:42Z
52,2004,99904,30576,950,male,6026,2024-10-24T16:20:42Z
52,2004,99904,30576,1020,male,6026,2024-10-24T16:20:42Z
52,2006,99904,30576,150,male,2582,2024-10-24T16:20:42Z
52,2006,99904,30576,160,male,2582,2024-10-24T16:20:42Z
52,2006,99904,30576,160,female,21574,2024-10-24T16:20:42Z
52,2006,99904,30576,170,male,7747,2024-10-24T16:20:42Z
52,2006,99904,30576,170,female,9087,2024-10-24T16:20:42Z
52,2006,99904,30576,180,male,12912,2024-10-24T16:20:42Z
52,2006,99904,30576,180,female,5165,2024-10-24T16:20:42Z
52,2006,99904,30576,190,male,21833,2024-10-24T16:20:42Z
52,2006,99904,30576,190,female,18174,2024-10-24T16:20:42Z
52,2006,99904,30576,200,male,6176,2024-10-24T16:20:42Z
52,2006,99904,30576,210,male,9769,2024-10-24T16:20:42Z
52,2006,99904,30576,220,male,25295,2024-10-24T16:20:42Z
52,2006,99904,30576,220,female,20617,2024-10-24T16:20:42Z
52,2006,99904,30576,230,male,17516,2024-10-24T16:20:42Z
52,2006,99904,30576,230,female,9769,2024-10-24T16:20:42Z
52,2006,99904,30576,240,female,8758,2024-10-24T16:20:42Z
52,2006,99904,30576,250,male,2582,2024-10-24T16:20:42Z
52,2006,99904,30576,250,female,8758,2024-10-24T16:20:42Z
52,2006,99904,30576,260,male,6176,2024-10-24T16:20:42Z
52,2006,99904,30576,260,female,11109,2024-10-24T16:20:42Z
52,2006,99904,30576,270,female,6022,2024-10-24T16:20:42Z
52,2006,99904,30576,280,male,19642,2024-10-24T16:20:42Z
52,2006,99904,30576,280,female,7845,2024-10-24T16:20:42Z
52,2006,99904,30576,290,male,19642,2024-10-24T16:20:42Z
52,2006,99904,30576,290,female,6122,2024-10-24T16:20:42Z
52,2006,99904,30576,300,male,6390,2024-10-24T16:20:42Z
52,2006,99904,30576,300,female,3922,2024-10-24T16:20:42Z
52,2006,99904,30576,310,male,27835,2024-10-24T16:20:42Z
52,2006,99904,30576,310,female,13640,2024-10-24T16:20:42Z
52,2006,99904,30576,320,male,5165,2024-10-24T16:20:42Z
52,2006,99904,30576,320,female,4054,2024-10-24T16:20:42Z
52,2006,99904,30576,330,male,8767,2024-10-24T16:20:42Z
52,2006,99904,30576,330,female,15791,2024-10-24T16:20:42Z
52,2006,99904,30576,340,male,15272,2024-10-24T16:20:42Z
52,2006,99904,30576,340,female,6636,2024-10-24T16:20:42Z
52,2006,99904,30576,350,male,86511,2024-10-24T16:20:42Z
52,2006,99904,30576,350,female,48282,2024-10-24T16:20:42Z
52,2006,99904,30576,360,male,63601,2024-10-24T16:20:42Z
52,2006,99904,30576,360,female,61355,2024-10-24T16:20:42Z
52,2006,99904,30576,370,male,47880,2024-10-24T16:20:42Z
52,2006,99904,30576,370,female,30990,2024-10-24T16:20:42Z
52,2006,99904,30576,380,male,72306,2024-10-24T16:20:42Z
52,2006,99904,30576,380,female,72126,2024-10-24T16:20:42Z
52,2006,99904,30576,390,male,84328,2024-10-24T16:20:42Z
52,2006,99904,30576,390,female,69904,2024-10-24T16:20:42Z
52,2006,99904,30576,400,male,141941,2024-10-24T16:20:42Z
52,2006,99904,30576,400,female,108042,2024-10-24T16:20:42Z
52,2006,99904,30576,410,male,92709,2024-10-24T16:20:42Z
52,2006,99904,30576,410,female,152702,2024-10-24T16:20:42Z
52,2006,99904,30576,420,male,159433,2024-10-24T16:20:42Z
52,2006,99904,30576,420,female,77470,2024-10-24T16:20:42Z
52,2006,99904,30576,430,male,124106,2024-10-24T16:20:42Z
52,2006,99904,30576,430,female,128395,2024-10-24T16:20:42Z
52,2006,99904,30576,440,male,159018,2024-10-24T16:20:42Z
52,2006,99904,30576,440,female,222617,2024-10-24T16:20:42Z
52,2006,99904,30576,450,male,162700,2024-10-24T16:20:42Z
52,2006,99904,30576,450,female,237513,2024-10-24T16:20:42Z
52,2006,99904,30576,460,male,150089,2024-10-24T16:20:42Z
52,2006,99904,30576,460,female,231334,2024-10-24T16:20:42Z
52,2006,99904,30576,470,male,247447,2024-10-24T16:20:42Z
52,2006,99904,30576,470,female,187984,2024-10-24T16:20:42Z
52,2006,99904,30576,480,male,198692,2024-10-24T16:20:42Z
52,2006,99904,30576,480,female,185627,2024-10-24T16:20:42Z
52,2006,99904,30576,490,male,143505,2024-10-24T16:20:42Z
52,2006,99904,30576,490,female,127155,2024-10-24T16:20:42Z
52,2006,99904,30576,500,male,212161,2024-10-24T16:20:42Z
52,2006,99904,30576,500,female,216815,2024-10-24T16:20:42Z
52,2006,99904,30576,510,male,150663,2024-10-24T16:20:42Z
52,2006,99904,30576,510,female,109369,2024-10-24T16:20:42Z
52,2006,99904,30576,520,male,93636,2024-10-24T16:20:42Z
52,2006,99904,30576,520,female,68234,2024-10-24T16:20:42Z
52,2006,99904,30576,530,male,73576,2024-10-24T16:20:42Z
52,2006,99904,30576,530,female,66218,2024-10-24T16:20:42Z
52,2006,99904,30576,540,male,72609,2024-10-24T16:20:42Z
52,2006,99904,30576,540,female,81917,2024-10-24T16:20:42Z
52,2006,99904,30576,550,male,75881,2024-10-24T16:20:42Z
52,2006,99904,30576,550,female,152955,2024-10-24T16:20:42Z
52,2006,99904,30576,560,male,56449,2024-10-24T16:20:42Z
52,2006,99904,30576,560,female,23584,2024-10-24T16:20:42Z
52,2006,99904,30576,570,male,72958,2024-10-24T16:20:42Z
52,2006,99904,30576,570,female,69771,2024-10-24T16:20:42Z
52,2006,99904,30576,580,male,22136,2024-10-24T16:20:42Z
52,2006,99904,30576,580,female,62651,2024-10-24T16:20:42Z
52,2006,99904,30576,590,male,41181,2024-10-24T16:20:42Z
52,2006,99904,30576,590,female,45875,2024-10-24T16:20:42Z
52,2006,99904,30576,600,male,22880,2024-10-24T16:20:42Z
52,2006,99904,30576,600,female,11058,2024-10-24T16:20:42Z
52,2006,99904,30576,610,male,25426,2024-10-24T16:20:42Z
52,2006,99904,30576,610,female,22991,2024-10-24T16:20:42Z
52,2006,99904,30576,620,male,8921,2024-10-24T16:20:42Z
52,2006,99904,30576,620,female,10418,2024-10-24T16:20:42Z
52,2006,99904,30576,630,male,8290,2024-10-24T16:20:42Z
52,2006,99904,30576,630,female,7224,2024-10-24T16:20:42Z
52,2006,99904,30576,640,male,18898,2024-10-24T16:20:42Z
52,2006,99904,30576,640,female,12534,2024-10-24T16:20:42Z
52,2006,99904,30576,650,male,7730,2024-10-24T16:20:42Z
52,2006,99904,30576,650,female,8268,2024-10-24T16:20:42Z
52,2006,99904,30576,660,female,58571,2024-10-24T16:20:42Z
52,2006,99904,30576,670,male,5423,2024-10-24T16:20:42Z
52,2006,99904,30576,670,female,1898,2024-10-24T16:20:42Z
52,2006,99904,30576,680,male,2582,2024-10-24T16:20:42Z
52,2006,99904,30576,690,male,4882,2024-10-24T16:20:42Z
52,2006,99904,30576,690,female,8247,2024-10-24T16:20:42Z
52,2006,99904,30576,700,female,1801,2024-10-24T16:20:42Z
52,2006,99904,30576,710,male,4809,2024-10-24T16:20:42Z
52,2006,99904,30576,720,male,18913,2024-10-24T16:20:42Z
52,2006,99904,30576,720,female,27889,2024-10-24T16:20:42Z
52,2006,99904,30576,730,female,4500,2024-10-24T16:20:42Z
52,2006,99904,30576,750,female,10831,2024-10-24T16:20:42Z
52,2006,99904,30576,760,male,3099,2024-10-24T16:20:42Z
52,2006,99904,30576,770,female,4607,2024-10-24T16:20:42Z
52,2006,99904,30576,780,male,7474,2024-10-24T16:20:42Z
52,2006,99904,30576,780,female,6524,2024-10-24T16:20:42Z
52,2006,99904,30576,810,female,4500,2024-10-24T16:20:42Z
52,2006,99904,30576,840,female,6524,2024-10-24T16:20:42Z
52,2006,99904,30576,870,male,1943,2024-10-24T16:20:42Z
52,2006,99904,30576,910,male,5542,2024-10-24T16:20:42Z
52,2006,99904,30576,980,female,6524,2024-10-24T16:20:42Z
52,2006,99904,30576,1090,female,5542,2024-10-24T16:20:42Z
52,2010,99904,30576,140,male,10071,2024-10-24T16:20:42Z
52,2010,99904,30576,200,male,10071,2024-10-24T16:20:42Z
52,2010,99904,30576,210,male,34780,2024-10-24T16:20:42Z
52,2010,99904,30576,220,male,18466,2024-10-24T16:20:42Z
52,2010,99904,30576,230,male,10071,2024-10-24T16:20:42Z
52,2010,99904,30576,230,female,10968,2024-10-24T16:20:42Z
52,2010,99904,30576,240,male,103561,2024-10-24T16:20:42Z
52,2010,99904,30576,240,female,39505,2024-10-24T16:20:42Z
52,2010,99904,30576,250,male,24709,2024-10-24T16:20:42Z
52,2010,99904,30576,250,female,68295,2024-10-24T16:20:42Z
52,2010,99904,30576,260,male,21039,2024-10-24T16:20:42Z
52,2010,99904,30576,260,female,107998,2024-10-24T16:20:42Z
52,2010,99904,30576,270,male,31892,2024-10-24T16:20:42Z
52,2010,99904,30576,270,female,20141,2024-10-24T16:20:42Z
52,2010,99904,30576,280,male,127113,2024-10-24T16:20:42Z
52,2010,99904,30576,280,female,10071,2024-10-24T16:20:42Z
52,2010,99904,30576,290,male,79441,2024-10-24T16:20:42Z
52,2010,99904,30576,290,female,20141,2024-10-24T16:20:42Z
52,2010,99904,30576,300,female,30833,2024-10-24T16:20:42Z
52,2010,99904,30576,310,male,50377,2024-10-24T16:20:42Z
52,2010,99904,30576,310,female,64991,2024-10-24T16:20:42Z
52,2010,99904,30576,320,male,34591,2024-10-24T16:20:42Z
52,2010,99904,30576,320,female,75960,2024-10-24T16:20:42Z
52,2010,99904,30576,330,male,28537,2024-10-24T16:20:42Z
52,2010,99904,30576,330,female,58354,2024-10-24T16:20:42Z
52,2010,99904,30576,340,male,99123,2024-10-24T16:20:42Z
52,2010,99904,30576,340,female,57684,2024-10-24T16:20:42Z
52,2010,99904,30576,350,male,45472,2024-10-24T16:20:42Z
52,2010,99904,30576,350,female,74836,2024-10-24T16:20:42Z
52,2010,99904,30576,360,male,132615,2024-10-24T16:20:42Z
52,2010,99904,30576,360,female,77970,2024-10-24T16:20:42Z
52,2010,99904,30576,370,male,87720,2024-10-24T16:20:42Z
52,2010,99904,30576,370,female,91499,2024-10-24T16:20:42Z
52,2010,99904,30576,380,male,36318,2024-10-24T16:20:42Z
52,2010,99904,30576,380,female,67384,2024-10-24T16:20:42Z
52,2010,99904,30576,390,male,51396,2024-10-24T16:20:42Z
52,2010,99904,30576,390,female,121058,2024-10-24T16:20:42Z
52,2010,99904,30576,400,male,157222,2024-10-24T16:20:42Z
52,2010,99904,30576,400,female,231529,2024-10-24T16:20:42Z
52,2010,99904,30576,410,male,144829,2024-10-24T16:20:42Z
52,2010,99904,30576,410,female,277428,2024-10-24T16:20:42Z
52,2010,99904,30576,420,male,292660,2024-10-24T16:20:42Z
52,2010,99904,30576,420,female,227329,2024-10-24T16:20:42Z
52,2010,99904,30576,430,male,236150,2024-10-24T16:20:42Z
52,2010,99904,30576,430,female,268430,2024-10-24T16:20:42Z
52,2010,99904,30576,440,male,331873,2024-10-24T16:20:42Z
52,2010,99904,30576,440,female,172074,2024-10-24T16:20:42Z
52,2010,99904,30576,450,male,272474,2024-10-24T16:20:42Z
52,2010,99904,30576,450,female,323165,2024-10-24T16:20:42Z
52,2010,99904,30576,460,male,163746,2024-10-24T16:20:42Z
52,2010,99904,30576,460,female,226317,2024-10-24T16:20:42Z
52,2010,99904,30576,470,male,179242,2024-10-24T16:20:42Z
52,2010,99904,30576,470,female,391779,2024-10-24T16:20:42Z
52,2010,99904,30576,480,male,279394,2024-10-24T16:20:42Z
52,2010,99904,30576,480,female,290966,2024-10-24T16:20:42Z
52,2010,99904,30576,490,male,275114,2024-10-24T16:20:42Z
52,2010,99904,30576,490,female,260945,2024-10-24T16:20:42Z
52,2010,99904,30576,500,male,306962,2024-10-24T16:20:42Z
52,2010,99904,30576,500,female,118636,2024-10-24T16:20:42Z
52,2010,99904,30576,510,male,133956,2024-10-24T16:20:42Z
52,2010,99904,30576,510,female,226907,2024-10-24T16:20:42Z
52,2010,99904,30576,520,male,166087,2024-10-24T16:20:42Z
52,2010,99904,30576,520,female,144661,2024-10-24T16:20:42Z
52,2010,99904,30576,530,male,134903,2024-10-24T16:20:42Z
52,2010,99904,30576,530,female,77565,2024-10-24T16:20:42Z
52,2010,99904,30576,540,male,160028,2024-10-24T16:20:42Z
52,2010,99904,30576,540,female,68278,2024-10-24T16:20:42Z
52,2010,99904,30576,550,male,123672,2024-10-24T16:20:42Z
52,2010,99904,30576,550,female,125483,2024-10-24T16:20:42Z
52,2010,99904,30576,560,male,153666,2024-10-24T16:20:42Z
52,2010,99904,30576,560,female,140447,2024-10-24T16:20:42Z
52,2010,99904,30576,570,male,64137,2024-10-24T16:20:42Z
52,2010,99904,30576,570,female,27623,2024-10-24T16:20:42Z
52,2010,99904,30576,580,male,57602,2024-10-24T16:20:42Z
52,2010,99904,30576,580,female,78764,2024-10-24T16:20:42Z
52,2010,99904,30576,590,male,57739,2024-10-24T16:20:42Z
52,2010,99904,30576,590,female,62132,2024-10-24T16:20:42Z
52,2010,99904,30576,600,male,32455,2024-10-24T16:20:42Z
52,2010,99904,30576,600,female,34422,2024-10-24T16:20:42Z
52,2010,99904,30576,610,male,36976,2024-10-24T16:20:42Z
52,2010,99904,30576,610,female,54300,2024-10-24T16:20:42Z
52,2010,99904,30576,620,male,38189,2024-10-24T16:20:42Z
52,2010,99904,30576,630,male,49885,2024-10-24T16:20:42Z
52,2010,99904,30576,640,male,31626,2024-10-24T16:20:42Z
52,2010,99904,30576,640,female,9775,2024-10-24T16:20:42Z
52,2010,99904,30576,650,male,10680,2024-10-24T16:20:42Z
52,2010,99904,30576,650,female,26012,2024-10-24T16:20:42Z
52,2010,99904,30576,660,male,34484,2024-10-24T16:20:42Z
52,2010,99904,30576,670,male,37242,2024-10-24T16:20:42Z
52,2010,99904,30576,680,female,2800,2024-10-24T16:20:42Z
52,2010,99904,30576,690,male,32214,2024-10-24T16:20:42Z
52,2010,99904,30576,700,male,13093,2024-10-24T16:20:42Z
52,2010,99904,30576,700,female,10343,2024-10-24T16:20:42Z
52,2010,99904,30576,710,female,10022,2024-10-24T16:20:42Z
52,2010,99904,30576,720,male,9560,2024-10-24T16:20:42Z
52,2010,99904,30576,730,female,8769,2024-10-24T16:20:42Z
52,2010,99904,30576,750,male,12810,2024-10-24T16:20:42Z
52,2010,99904,30576,760,male,17808,2024-10-24T16:20:42Z
52,2010,99904,30576,790,male,10071,2024-10-24T16:20:42Z
52,2010,99904,30576,840,female,10680,2024-10-24T16:20:42Z
52,2012,99904,30576,130,male,9229,2024-10-24T16:20:42Z
52,2012,99904,30576,170,male,9229,2024-10-24T16:20:42Z
52,2012,99904,30576,200,male,9229,2024-10-24T16:20:42Z
52,2012,99904,30576,220,male,15624,2024-10-24T16:20:42Z
52,2012,99904,30576,230,male,19245,2024-10-24T16:20:42Z
52,2012,99904,30576,240,male,33070,2024-10-24T16:20:42Z
52,2012,99904,30576,240,female,9229,2024-10-24T16:20:42Z
52,2012,99904,30576,250,female,67703,2024-10-24T16:20:42Z
52,2012,99904,30576,260,male,62530,2024-10-24T16:20:42Z
52,2012,99904,30576,260,female,25641,2024-10-24T16:20:42Z
52,2012,99904,30576,270,female,34081,2024-10-24T16:20:42Z
52,2012,99904,30576,280,male,38416,2024-10-24T16:20:42Z
52,2012,99904,30576,280,female,83468,2024-10-24T16:20:42Z
52,2012,99904,30576,290,male,47886,2024-10-24T16:20:42Z
52,2012,99904,30576,290,female,117328,2024-10-24T16:20:42Z
52,2012,99904,30576,300,male,33890,2024-10-24T16:20:42Z
52,2012,99904,30576,300,female,26354,2024-10-24T16:20:42Z
52,2012,99904,30576,310,male,72738,2024-10-24T16:20:42Z
52,2012,99904,30576,310,female,35582,2024-10-24T16:20:42Z
52,2012,99904,30576,320,male,35582,2024-10-24T16:20:42Z
52,2012,99904,30576,320,female,98081,2024-10-24T16:20:42Z
52,2012,99904,30576,330,male,156264,2024-10-24T16:20:42Z
52,2012,99904,30576,330,female,67678,2024-10-24T16:20:42Z
52,2012,99904,30576,340,male,112494,2024-10-24T16:20:42Z
52,2012,99904,30576,340,female,151889,2024-10-24T16:20:42Z
52,2012,99904,30576,350,male,33890,2024-10-24T16:20:42Z
52,2012,99904,30576,350,female,110835,2024-10-24T16:20:42Z
52,2012,99904,30576,360,male,115545,2024-10-24T16:20:42Z
52,2012,99904,30576,360,female,122669,2024-10-24T16:20:42Z
52,2012,99904,30576,370,male,139485,2024-10-24T16:20:42Z
52,2012,99904,30576,370,female,75761,2024-10-24T16:20:42Z
52,2012,99904,30576,380,male,224141,2024-10-24T16:20:42Z
52,2012,99904,30576,380,female,61007,2024-10-24T16:20:42Z
52,2012,99904,30576,390,male,181909,2024-10-24T16:20:42Z
52,2012,99904,30576,390,female,119702,2024-10-24T16:20:42Z
52,2012,99904,30576,400,male,136847,2024-10-24T16:20:42Z
52,2012,99904,30576,400,female,192266,2024-10-24T16:20:42Z
52,2012,99904,30576,410,male,217465,2024-10-24T16:20:42Z
52,2012,99904,30576,410,female,181895,2024-10-24T16:20:42Z
52,2012,99904,30576,420,male,292866,2024-10-24T16:20:42Z
52,2012,99904,30576,420,female,306068,2024-10-24T16:20:42Z
52,2012,99904,30576,430,male,328758,2024-10-24T16:20:42Z
52,2012,99904,30576,430,female,118954,2024-10-24T16:20:42Z
52,2012,99904,30576,440,male,313817,2024-10-24T16:20:42Z
52,2012,99904,30576,440,female,175904,2024-10-24T16:20:42Z
52,2012,99904,30576,450,male,263769,2024-10-24T16:20:42Z
52,2012,99904,30576,450,female,232512,2024-10-24T16:20:42Z
52,2012,99904,30576,460,male,210607,2024-10-24T16:20:42Z
52,2012,99904,30576,460,female,220427,2024-10-24T16:20:42Z
52,2012,99904,30576,470,male,234525,2024-10-24T16:20:42Z
52,2012,99904,30576,470,female,345819,2024-10-24T16:20:42Z
52,2012,99904,30576,480,male,174083,2024-10-24T16:20:42Z
52,2012,99904,30576,480,female,226797,2024-10-24T16:20:42Z
52,2012,99904,30576,490,male,147011,2024-10-24T16:20:42Z
52,2012,99904,30576,490,female,116468,2024-10-24T16:20:42Z
52,2012,99904,30576,500,male,161787,2024-10-24T16:20:42Z
52,2012,99904,30576,500,female,192883,2024-10-24T16:20:42Z
52,2012,99904,30576,510,male,177508,2024-10-24T16:20:42Z
52,2012,99904,30576,510,female,191637,2024-10-24T16:20:42Z
52,2012,99904,30576,520,male,101226,2024-10-24T16:20:42Z
52,2012,99904,30576,520,female,163038,2024-10-24T16:20:42Z
52,2012,99904,30576,530,male,178960,2024-10-24T16:20:42Z
52,2012,99904,30576,530,female,83360,2024-10-24T16:20:42Z
52,2012,99904,30576,540,male,91056,2024-10-24T16:20:42Z
52,2012,99904,30576,540,female,97436,2024-10-24T16:20:42Z
52,2012,99904,30576,550,male,102853,2024-10-24T16:20:42Z
52,2012,99904,30576,550,female,45038,2024-10-24T16:20:42Z
52,2012,99904,30576,560,male,46806,2024-10-24T16:20:42Z
52,2012,99904,30576,560,female,89043,2024-10-24T16:20:42Z
52,2012,99904,30576,570,male,59584,2024-10-24T16:20:42Z
52,2012,99904,30576,570,female,32029,2024-10-24T16:20:42Z
52,2012,99904,30576,580,male,65486,2024-10-24T16:20:42Z
52,2012,99904,30576,580,female,33565,2024-10-24T16:20:42Z
52,2012,99904,30576,590,male,103695,2024-10-24T16:20:42Z
52,2012,99904,30576,590,female,54264,2024-10-24T16:20:42Z
52,2012,99904,30576,600,male,35081,2024-10-24T16:20:42Z
52,2012,99904,30576,600,female,35690,2024-10-24T16:20:42Z
52,2012,99904,30576,610,male,44656,2024-10-24T16:20:42Z
52,2012,99904,30576,610,female,49589,2024-10-24T16:20:42Z
52,2012,99904,30576,620,male,10017,2024-10-24T16:20:42Z
52,2012,99904,30576,620,female,26307,2024-10-24T16:20:42Z
52,2012,99904,30576,630,male,14637,2024-10-24T16:20:42Z
52,2012,99904,30576,630,female,19918,2024-10-24T16:20:42Z
52,2012,99904,30576,650,male,10017,2024-10-24T16:20:42Z
52,2012,99904,30576,650,female,9229,2024-10-24T16:20:42Z
52,2012,99904,30576,660,male,36587,2024-10-24T16:20:42Z
52,2012,99904,30576,660,female,17036,2024-10-24T16:20:42Z
52,2012,99904,30576,670,male,33102,2024-10-24T16:20:42Z
52,2012,99904,30576,680,male,22460,2024-10-24T16:20:42Z
52,2012,99904,30576,680,female,5977,2024-10-24T16:20:42Z
52,2012,99904,30576,710,male,5656,2024-10-24T16:20:42Z
52,2012,99904,30576,710,female,12675,2024-10-24T16:20:42Z
52,2012,99904,30576,750,female,4559,2024-10-24T16:20:42Z
52,2012,99904,30576,780,male,5656,2024-10-24T16:20:42Z
52,2012,99904,30576,780,female,5656,2024-10-24T16:20:42Z
52,2012,99904,30576,790,female,5656,2024-10-24T16:20:42Z
52,2012,99904,30576,820,male,5656,2024-10-24T16:20:42Z
52,2012,99904,30576,880,male,8608,2024-10-24T16:20:42Z
52,2012,99904,30576,880,female,8608,2024-10-24T16:20:42Z
52,2012,99904,30576,900,male,9133,2024-10-24T16:20:42Z
52,2012,99904,30576,920,male,8608,2024-10-24T16:20:42Z
52,2014,99904,30576,150,male,15601,2024-10-24T16:20:42Z
52,2014,99904,30576,160,female,12556,2024-10-24T16:20:42Z
52,2014,99904,30576,180,male,25111,2024-10-24T16:20:42Z
52,2014,99904,30576,180,female,12556,2024-10-24T16:20:42Z
52,2014,99904,30576,200,male,12556,2024-10-24T16:20:42Z
52,2014,99904,30576,200,female,3045,2024-10-24T16:20:42Z
52,2014,99904,30576,210,male,12556,2024-10-24T16:20:42Z
52,2014,99904,30576,230,male,12556,2024-10-24T16:20:42Z
52,2014,99904,30576,230,female,12556,2024-10-24T16:20:42Z
52,2014,99904,30576,240,female,12556,2024-10-24T16:20:42Z
52,2014,99904,30576,260,male,12556,2024-10-24T16:20:42Z
52,2014,99904,30576,270,female,12556,2024-10-24T16:20:42Z
52,2014,99904,30576,280,male,33192,2024-10-24T16:20:42Z
52,2014,99904,30576,280,female,12556,2024-10-24T16:20:42Z
52,2014,99904,30576,290,male,53568,2024-10-24T16:20:42Z
52,2014,99904,30576,290,female,71368,2024-10-24T16:20:42Z
52,2014,99904,30576,300,male,53568,2024-10-24T16:20:42Z
52,2014,99904,30576,300,female,12556,2024-10-24T16:20:42Z
52,2014,99904,30576,310,male,12556,2024-10-24T16:20:42Z
52,2014,99904,30576,310,female,38058,2024-10-24T16:20:42Z
52,2014,99904,30576,320,male,109426,2024-10-24T16:20:42Z
52,2014,99904,30576,320,female,28637,2024-10-24T16:20:42Z
52,2014,99904,30576,330,female,62107,2024-10-24T16:20:42Z
52,2014,99904,30576,340,male,83139,2024-10-24T16:20:42Z
52,2014,99904,30576,340,female,54188,2024-10-24T16:20:42Z
52,2014,99904,30576,350,male,54107,2024-10-24T16:20:42Z
52,2014,99904,30576,350,female,94273,2024-10-24T16:20:42Z
52,2014,99904,30576,360,male,8359,2024-10-24T16:20:42Z
52,2014,99904,30576,360,female,25109,2024-10-24T16:20:42Z
52,2014,99904,30576,370,male,105546,2024-10-24T16:20:42Z
52,2014,99904,30576,370,female,115293,2024-10-24T16:20:42Z
52,2014,99904,30576,380,male,147069,2024-10-24T16:20:42Z
52,2014,99904,30576,380,female,134877,2024-10-24T16:20:42Z
52,2014,99904,30576,390,male,109995,2024-10-24T16:20:42Z
52,2014,99904,30576,390,female,212117,2024-10-24T16:20:42Z
52,2014,99904,30576,400,male,184943,2024-10-24T16:20:42Z
52,2014,99904,30576,400,female,77607,2024-10-24T16:20:42Z
52,2014,99904,30576,410,male,70084,2024-10-24T16:20:42Z
52,2014,99904,30576,410,female,227621,2024-10-24T16:20:42Z
52,2014,99904,30576,420,male,187165,2024-10-24T16:20:42Z
52,2014,99904,30576,420,female,241896,2024-10-24T16:20:42Z
52,2014,99904,30576,430,male,159689,2024-10-24T16:20:42Z
52,2014,99904,30576,430,female,240745,2024-10-24T16:20:42Z
52,2014,99904,30576,440,male,257688,2024-10-24T16:20:42Z
52,2014,99904,30576,440,female,290347,2024-10-24T16:20:42Z
52,2014,99904,30576,450,male,333965,2024-10-24T16:20:42Z
52,2014,99904,30576,450,female,342027,2024-10-24T16:20:42Z
52,2014,99904,30576,460,male,191262,2024-10-24T16:20:42Z
52,2014,99904,30576,460,female,314757,2024-10-24T16:20:42Z
52,2014,99904,30576,470,male,239404,2024-10-24T16:20:42Z
52,2014,99904,30576,470,female,275642,2024-10-24T16:20:42Z
52,2014,99904,30576,480,male,403683,2024-10-24T16:20:42Z
52,2014,99904,30576,480,female,309009,2024-10-24T16:20:42Z
52,2014,99904,30576,490,male,160652,2024-10-24T16:20:42Z
52,2014,99904,30576,490,female,273049,2024-10-24T16:20:42Z
52,2014,99904,30576,500,male,212068,2024-10-24T16:20:42Z
52,2014,99904,30576,500,female,343909,2024-10-24T16:20:42Z
52,2014,99904,30576,510,male,95448,2024-10-24T16:20:42Z
52,2014,99904,30576,510,female,204192,2024-10-24T16:20:42Z
52,2014,99904,30576,520,male,158520,2024-10-24T16:20:42Z
52,2014,99904,30576,520,female,227172,2024-10-24T16:20:42Z
52,2014,99904,30576,530,male,95260,2024-10-24T16:20:42Z
52,2014,99904,30576,530,female,244887,2024-10-24T16:20:42Z
52,2014,99904,30576,540,male,168173,2024-10-24T16:20:42Z
52,2014,99904,30576,540,female,53559,2024-10-24T16:20:42Z
52,2014,99904,30576,550,male,139202,2024-10-24T16:20:42Z
52,2014,99904,30576,550,female,133028,2024-10-24T16:20:42Z
52,2014,99904,30576,560,male,45472,2024-10-24T16:20:42Z
52,2014,99904,30576,560,female,89746,2024-10-24T16:20:42Z
52,2014,99904,30576,570,male,79324,2024-10-24T16:20:42Z
52,2014,99904,30576,570,female,65278,2024-10-24T16:20:42Z
52,2014,99904,30576,580,male,38625,2024-10-24T16:20:42Z
52,2014,99904,30576,580,female,69237,2024-10-24T16:20:42Z
52,2014,99904,30576,590,male,43848,2024-10-24T16:20:42Z
52,2014,99904,30576,590,female,16281,2024-10-24T16:20:42Z
52,2014,99904,30576,600,male,19857,2024-10-24T16:20:42Z
52,2014,99904,30576,600,female,2563,2024-10-24T16:20:42Z
52,2014,99904,30576,610,male,2336,2024-10-24T16:20:42Z
52,2014,99904,30576,610,female,15611,2024-10-24T16:20:42Z
52,2014,99904,30576,620,male,1962,2024-10-24T16:20:42Z
52,2014,99904,30576,620,female,21625,2024-10-24T16:20:42Z
52,2014,99904,30576,630,male,4436,2024-10-24T16:20:42Z
52,2014,99904,30576,630,female,4817,2024-10-24T16:20:42Z
52,2014,99904,30576,640,male,11498,2024-10-24T16:20:42Z
52,2014,99904,30576,650,male,3058,2024-10-24T16:20:42Z
52,2014,99904,30576,650,female,16443,2024-10-24T16:20:42Z
52,2014,99904,30576,660,male,4817,2024-10-24T16:20:42Z
52,2014,99904,30576,660,female,1571,2024-10-24T16:20:42Z
52,2014,99904,30576,670,male,4875,2024-10-24T16:20:42Z
52,2014,99904,30576,670,female,1571,2024-10-24T16:20:42Z
52,2014,99904,30576,680,female,15849,2024-10-24T16:20:42Z
52,2014,99904,30576,690,male,17840,2024-10-24T16:20:42Z
52,2014,99904,30576,690,female,13621,2024-10-24T16:20:42Z
52,2014,99904,30576,710,male,3142,2024-10-24T16:20:42Z
52,2014,99904,30576,710,female,1571,2024-10-24T16:20:42Z
52,2014,99904,30576,720,female,5347,2024-10-24T16:20:42Z
52,2014,99904,30576,740,female,2204,2024-10-24T16:20:42Z
52,2014,99904,30576,750,female,2066,2024-10-24T16:20:42Z
52,2014,99904,30576,790,female,2204,2024-10-24T16:20:42Z
52,2014,99904,30576,800,male,5347,2024-10-24T16:20:42Z
52,2014,99904,30576,810,female,4657,2024-10-24T16:20:42Z
52,2016,99904,30576,170,male,17756,2024-10-24T16:20:42Z
52,2016,99904,30576,200,male,93030,2024-10-24T16:20:42Z
52,2016,99904,30576,210,male,17756,2024-10-24T16:20:42Z
52,2016,99904,30576,210,female,18019,2024-10-24T16:20:42Z
52,2016,99904,30576,230,male,17756,2024-10-24T16:20:42Z
52,2016,99904,30576,250,female,8547,2024-10-24T16:20:42Z
52,2016,99904,30576,260,female,52916,2024-10-24T16:20:42Z
52,2016,99904,30576,270,male,49504,2024-10-24T16:20:42Z
52,2016,99904,30576,270,female,66870,2024-10-24T16:20:42Z
52,2016,99904,30576,280,male,50243,2024-10-24T16:20:42Z
52,2016,99904,30576,280,female,110577,2024-10-24T16:20:42Z
52,2016,99904,30576,290,male,45599,2024-10-24T16:20:42Z
52,2016,99904,30576,290,female,17756,2024-10-24T16:20:42Z
52,2016,99904,30576,300,male,29924,2024-10-24T16:20:42Z
52,2016,99904,30576,300,female,69539,2024-10-24T16:20:42Z
52,2016,99904,30576,310,male,27843,2024-10-24T16:20:42Z
52,2016,99904,30576,310,female,142309,2024-10-24T16:20:42Z
52,2016,99904,30576,320,male,181801,2024-10-24T16:20:42Z
52,2016,99904,30576,320,female,144258,2024-10-24T16:20:42Z
52,2016,99904,30576,330,male,170173,2024-10-24T16:20:42Z
52,2016,99904,30576,330,female,284767,2024-10-24T16:20:42Z
52,2016,99904,30576,340,male,129872,2024-10-24T16:20:42Z
52,2016,99904,30576,340,female,146447,2024-10-24T16:20:42Z
52,2016,99904,30576,350,male,321772,2024-10-24T16:20:42Z
52,2016,99904,30576,350,female,157718,2024-10-24T16:20:42Z
52,2016,99904,30576,360,male,231068,2024-10-24T16:20:42Z
52,2016,99904,30576,360,female,171677,2024-10-24T16:20:42Z
52,2016,99904,30576,370,male,394136,2024-10-24T16:20:42Z
52,2016,99904,30576,370,female,376837,2024-10-24T16:20:42Z
52,2016,99904,30576,380,male,200728,2024-10-24T16:20:42Z
52,2016,99904,30576,380,female,385200,2024-10-24T16:20:42Z
52,2016,99904,30576,390,male,336108,2024-10-24T16:20:42Z
52,2016,99904,30576,390,female,438530,2024-10-24T16:20:42Z
52,2016,99904,30576,400,male,324469,2024-10-24T16:20:42Z
52,2016,99904,30576,400,female,422492,2024-10-24T16:20:42Z
52,2016,99904,30576,410,male,459360,2024-10-24T16:20:42Z
52,2016,99904,30576,410,female,382909,2024-10-24T16:20:42Z
52,2016,99904,30576,420,male,337979,2024-10-24T16:20:42Z
52,2016,99904,30576,420,female,441409,2024-10-24T16:20:42Z
52,2016,99904,30576,430,male,199549,2024-10-24T16:20:42Z
52,2016,99904,30576,430,female,140313,2024-10-24T16:20:42Z
52,2016,99904,30576,440,male,298435,2024-10-24T16:20:42Z
52,2016,99904,30576,440,female,85988,2024-10-24T16:20:42Z
52,2016,99904,30576,450,male,192375,2024-10-24T16:20:42Z
52,2016,99904,30576,450,female,198927,2024-10-24T16:20:42Z
52,2016,99904,30576,460,male,264187,2024-10-24T16:20:42Z
52,2016,99904,30576,460,female,195595,2024-10-24T16:20:42Z
52,2016,99904,30576,470,male,239645,2024-10-24T16:20:42Z
52,2016,99904,30576,470,female,51693,2024-10-24T16:20:42Z
52,2016,99904,30576,480,male,159379,2024-10-24T16:20:42Z
52,2016,99904,30576,480,female,92127,2024-10-24T16:20:42Z
52,2016,99904,30576,490,male,102246,2024-10-24T16:20:42Z
52,2016,99904,30576,490,female,138150,2024-10-24T16:20:42Z
52,2016,99904,30576,500,male,177137,2024-10-24T16:20:42Z
52,2016,99904,30576,500,female,66959,2024-10-24T16:20:42Z
52,2016,99904,30576,510,male,88989,2024-10-24T16:20:42Z
52,2016,99904,30576,510,female,68138,2024-10-24T16:20:42Z
52,2016,99904,30576,520,male,133669,2024-10-24T16:20:42Z
52,2016,99904,30576,520,female,103840,2024-10-24T16:20:42Z
52,2016,99904,30576,530,male,108947,2024-10-24T16:20:42Z
52,2016,99904,30576,530,female,88590,2024-10-24T16:20:42Z
52,2016,99904,30576,540,male,48031,2024-10-24T16:20:42Z
52,2016,99904,30576,540,female,38536,2024-10-24T16:20:42Z
52,2016,99904,30576,550,male,66648,2024-10-24T16:20:42Z
52,2016,99904,30576,550,female,15503,2024-10-24T16:20:42Z
52,2016,99904,30576,560,male,75255,2024-10-24T16:20:42Z
52,2016,99904,30576,560,female,51693,2024-10-24T16:20:42Z
52,2016,99904,30576,570,male,51597,2024-10-24T16:20:42Z
52,2016,99904,30576,570,female,43259,2024-10-24T16:20:42Z
52,2016,99904,30576,580,male,64688,2024-10-24T16:20:42Z
52,2016,99904,30576,580,female,20089,2024-10-24T16:20:42Z
52,2016,99904,30576,590,female,23940,2024-10-24T16:20:42Z
52,2016,99904,30576,600,male,17887,2024-10-24T16:20:42Z
52,2016,99904,30576,610,female,26435,2024-10-24T16:20:42Z
52,2016,99904,30576,620,male,26242,2024-10-24T16:20:42Z
52,2016,99904,30576,630,male,25237,2024-10-24T16:20:42Z
52,2016,99904,30576,640,male,47881,2024-10-24T16:20:42Z
52,2016,99904,30576,650,male,2302,2024-10-24T16:20:42Z
52,2016,99904,30576,660,male,26479,2024-10-24T16:20:42Z
52,2016,99904,30576,660,female,10068,2024-10-24T16:20:42Z
52,2016,99904,30576,680,male,5906,2024-10-24T16:20:42Z
52,2016,99904,30576,680,female,8547,2024-10-24T16:20:42Z
52,2016,99904,30576,690,male,5906,2024-10-24T16:20:42Z
52,2016,99904,30576,690,female,34050,2024-10-24T16:20:42Z
52,2016,99904,30576,720,male,5906,2024-10-24T16:20:42Z
52,2016,99904,30576,720,female,13299,2024-10-24T16:20:42Z
52,2016,99904,30576,780,female,5906,2024-10-24T16:20:42Z
52,2016,99904,30576,810,female,5906,2024-10-24T16:20:42Z
52,2016,99904,30576,820,female,5906,2024-10-24T16:20:42Z
52,2016,99904,30576,850,female,31748,2024-10-24T16:20:42Z
52,2018,99904,30576,190,male,15002,2024-10-24T16:20:42Z
52,2018,99904,30576,200,male,12990,2024-10-24T16:20:42Z
52,2018,99904,30576,210,male,12990,2024-10-24T16:20:42Z
52,2018,99904,30576,220,male,12990,2024-10-24T16:20:42Z
52,2018,99904,30576,230,male,48144,2024-10-24T16:20:42Z
52,2018,99904,30576,260,male,33600,2024-10-24T16:20:42Z
52,2018,99904,30576,270,female,15002,2024-10-24T16:20:42Z
52,2018,99904,30576,280,female,48862,2024-10-24T16:20:42Z
52,2018,99904,30576,290,male,33860,2024-10-24T16:20:42Z
52,2018,99904,30576,300,male,61134,2024-10-24T16:20:42Z
52,2018,99904,30576,310,male,12990,2024-10-24T16:20:42Z
52,2018,99904,30576,310,female,46590,2024-10-24T16:20:42Z
52,2018,99904,30576,320,male,66104,2024-10-24T16:20:42Z
52,2018,99904,30576,320,female,106862,2024-10-24T16:20:42Z
52,2018,99904,30576,330,male,241549,2024-10-24T16:20:42Z
52,2018,99904,30576,330,female,107342,2024-10-24T16:20:42Z
52,2018,99904,30576,340,male,265415,2024-10-24T16:20:42Z
52,2018,99904,30576,340,female,162166,2024-10-24T16:20:42Z
52,2018,99904,30576,350,male,314872,2024-10-24T16:20:42Z
52,2018,99904,30576,350,female,166830,2024-10-24T16:20:42Z
52,2018,99904,30576,360,male,373945,2024-10-24T16:20:42Z
52,2018,99904,30576,360,female,272280,2024-10-24T16:20:42Z
52,2018,99904,30576,370,male,355051,2024-10-24T16:20:42Z
52,2018,99904,30576,370,female,467115,2024-10-24T16:20:42Z
52,2018,99904,30576,380,male,228554,2024-10-24T16:20:42Z
52,2018,99904,30576,380,female,454787,2024-10-24T16:20:42Z
52,2018,99904,30576,390,male,530959,2024-10-24T16:20:42Z
52,2018,99904,30576,390,female,332083,2024-10-24T16:20:42Z
52,2018,99904,30576,400,male,193719,2024-10-24T16:20:42Z
52,2018,99904,30576,400,female,328897,2024-10-24T16:20:42Z
52,2018,99904,30576,410,male,352059,2024-10-24T16:20:42Z
52,2018,99904,30576,410,female,607472,2024-10-24T16:20:42Z
52,2018,99904,30576,420,male,457632,2024-10-24T16:20:42Z
52,2018,99904,30576,420,female,449598,2024-10-24T16:20:42Z
52,2018,99904,30576,430,male,469195,2024-10-24T16:20:42Z
52,2018,99904,30576,430,female,359240,2024-10-24T16:20:42Z
52,2018,99904,30576,440,male,402486,2024-10-24T16:20:42Z
52,2018,99904,30576,440,female,569741,2024-10-24T16:20:42Z
52,2018,99904,30576,450,male,383025,2024-10-24T16:20:42Z
52,2018,99904,30576,450,female,404814,2024-10-24T16:20:42Z
52,2018,99904,30576,460,male,342706,2024-10-24T16:20:42Z
52,2018,99904,30576,460,female,399420,2024-10-24T16:20:42Z
52,2018,99904,30576,470,male,531208,2024-10-24T16:20:42Z
52,2018,99904,30576,470,female,421669,2024-10-24T16:20:42Z
52,2018,99904,30576,480,male,241522,2024-10-24T16:20:42Z
52,2018,99904,30576,480,female,342242,2024-10-24T16:20:42Z
52,2018,99904,30576,490,male,76768,2024-10-24T16:20:42Z
52,2018,99904,30576,490,female,198033,2024-10-24T16:20:42Z
52,2018,99904,30576,500,male,44657,2024-10-24T16:20:42Z
52,2018,99904,30576,500,female,44266,2024-10-24T16:20:42Z
52,2018,99904,30576,510,male,174667,2024-10-24T16:20:42Z
52,2018,99904,30576,510,female,223340,2024-10-24T16:20:42Z
52,2018,99904,30576,520,male,204352,2024-10-24T16:20:42Z
52,2018,99904,30576,520,female,108816,2024-10-24T16:20:42Z
52,2018,99904,30576,530,male,86216,2024-10-24T16:20:42Z
52,2018,99904,30576,530,female,66899,2024-10-24T16:20:42Z
52,2018,99904,30576,540,male,112560,2024-10-24T16:20:42Z
52,2018,99904,30576,540,female,106185,2024-10-24T16:20:42Z
52,2018,99904,30576,550,male,161390,2024-10-24T16:20:42Z
52,2018,99904,30576,550,female,231149,2024-10-24T16:20:42Z
52,2018,99904,30576,560,male,80761,2024-10-24T16:20:42Z
52,2018,99904,30576,560,female,235288,2024-10-24T16:20:42Z
52,2018,99904,30576,570,male,128605,2024-10-24T16:20:42Z
52,2018,99904,30576,570,female,52410,2024-10-24T16:20:42Z
52,2018,99904,30576,580,male,15948,2024-10-24T16:20:42Z
52,2018,99904,30576,580,female,108058,2024-10-24T16:20:42Z
52,2018,99904,30576,590,male,15948,2024-10-24T16:20:42Z
52,2018,99904,30576,590,female,31896,2024-10-24T16:20:42Z
52,2018,99904,30576,590,unsexed,12370,2024-10-24T16:20:42Z
52,2018,99904,30576,600,male,88692,2024-10-24T16:20:42Z
52,2018,99904,30576,600,female,136536,2024-10-24T16:20:42Z
52,2018,99904,30576,610,male,112657,2024-10-24T16:20:42Z
52,2018,99904,30576,610,female,63792,2024-10-24T16:20:42Z
52,2018,99904,30576,620,male,79740,2024-10-24T16:20:42Z
52,2018,99904,30576,620,female,79740,2024-10-24T16:20:42Z
52,2018,99904,30576,630,male,88692,2024-10-24T16:20:42Z
52,2018,99904,30576,630,female,37270,2024-10-24T16:20:42Z
52,2018,99904,30576,640,male,63792,2024-10-24T16:20:42Z
52,2018,99904,30576,640,female,63792,2024-10-24T16:20:42Z
52,2018,99904,30576,650,male,50650,2024-10-24T16:20:42Z
52,2018,99904,30576,650,female,103929,2024-10-24T16:20:42Z
52,2018,99904,30576,660,male,15948,2024-10-24T16:20:42Z
52,2018,99904,30576,660,female,31896,2024-10-24T16:20:42Z
52,2018,99904,30576,670,male,65036,2024-10-24T16:20:42Z
52,2018,99904,30576,670,female,47844,2024-10-24T16:20:42Z
52,2018,99904,30576,680,male,31896,2024-10-24T16:20:42Z
52,2018,99904,30576,680,female,47844,2024-10-24T16:20:42Z
52,2018,99904,30576,690,female,31896,2024-10-24T16:20:42Z
52,2018,99904,30576,700,male,15948,2024-10-24T16:20:42Z
52,2018,99904,30576,710,male,15948,2024-10-24T16:20:42Z
52,2018,99904,30576,710,female,87981,2024-10-24T16:20:42Z
52,2018,99904,30576,720,male,31896,2024-10-24T16:20:42Z
52,2018,99904,30576,760,male,5181,2024-10-24T16:20:42Z
52,2018,99904,30576,780,male,5181,2024-10-24T16:20:42Z
52,2018,99904,30576,800,female,8241,2024-10-24T16:20:42Z
52,2022,99904,30576,120,unsexed,28125,2024-10-24T16:20:42Z
52,2022,99904,30576,160,male,9739,2024-10-24T16:20:42Z
52,2022,99904,30576,220,male,11736,2024-10-24T16:20:42Z
52,2022,99904,30576,230,female,28125,2024-10-24T16:20:42Z
52,2022,99904,30576,240,male,9739,2024-10-24T16:20:42Z
52,2022,99904,30576,250,male,2853,2024-10-24T16:20:42Z
52,2022,99904,30576,250,female,9739,2024-10-24T16:20:42Z
52,2022,99904,30576,260,female,19478,2024-10-24T16:20:42Z
52,2022,99904,30576,280,male,13482,2024-10-24T16:20:42Z
52,2022,99904,30576,290,male,54338,2024-10-24T16:20:42Z
52,2022,99904,30576,300,male,61791,2024-10-24T16:20:42Z
52,2022,99904,30576,310,male,29216,2024-10-24T16:20:42Z
52,2022,99904,30576,310,female,19478,2024-10-24T16:20:42Z
52,2022,99904,30576,320,male,62270,2024-10-24T16:20:42Z
52,2022,99904,30576,320,female,67080,2024-10-24T16:20:42Z
52,2022,99904,30576,330,male,66014,2024-10-24T16:20:42Z
52,2022,99904,30576,330,female,49599,2024-10-24T16:20:42Z
52,2022,99904,30576,340,female,250906,2024-10-24T16:20:42Z
52,2022,99904,30576,350,male,256243,2024-10-24T16:20:42Z
52,2022,99904,30576,350,female,98352,2024-10-24T16:20:42Z
52,2022,99904,30576,360,male,160497,2024-10-24T16:20:42Z
52,2022,99904,30576,360,female,238705,2024-10-24T16:20:42Z
52,2022,99904,30576,370,male,469731,2024-10-24T16:20:42Z
52,2022,99904,30576,370,female,267137,2024-10-24T16:20:42Z
52,2022,99904,30576,380,male,329365,2024-10-24T16:20:42Z
52,2022,99904,30576,380,female,242760,2024-10-24T16:20:42Z
52,2022,99904,30576,390,male,502535,2024-10-24T16:20:42Z
52,2022,99904,30576,390,female,298077,2024-10-24T16:20:42Z
52,2022,99904,30576,400,male,499253,2024-10-24T16:20:42Z
52,2022,99904,30576,400,female,457102,2024-10-24T16:20:42Z
52,2022,99904,30576,410,male,233630,2024-10-24T16:20:42Z
52,2022,99904,30576,410,female,401928,2024-10-24T16:20:42Z
52,2022,99904,30576,420,male,545068,2024-10-24T16:20:42Z
52,2022,99904,30576,420,female,454402,2024-10-24T16:20:42Z
52,2022,99904,30576,430,male,578189,2024-10-24T16:20:42Z
52,2022,99904,30576,430,female,385997,2024-10-24T16:20:42Z
52,2022,99904,30576,440,male,664968,2024-10-24T16:20:42Z
52,2022,99904,30576,440,female,653001,2024-10-24T16:20:42Z
52,2022,99904,30576,450,male,389238,2024-10-24T16:20:42Z
52,2022,99904,30576,450,female,448017,2024-10-24T16:20:42Z
52,2022,99904,30576,460,male,498858,2024-10-24T16:20:42Z
52,2022,99904,30576,460,female,442276,2024-10-24T16:20:42Z
52,2022,99904,30576,470,male,231852,2024-10-24T16:20:42Z
52,2022,99904,30576,470,female,315718,2024-10-24T16:20:42Z
52,2022,99904,30576,480,male,362130,2024-10-24T16:20:42Z
52,2022,99904,30576,480,female,442871,2024-10-24T16:20:42Z
52,2022,99904,30576,490,male,297736,2024-10-24T16:20:42Z
52,2022,99904,30576,490,female,286223,2024-10-24T16:20:42Z
52,2022,99904,30576,500,male,296218,2024-10-24T16:20:42Z
52,2022,99904,30576,500,female,185282,2024-10-24T16:20:42Z
52,2022,99904,30576,510,male,87112,2024-10-24T16:20:42Z
52,2022,99904,30576,510,female,177882,2024-10-24T16:20:42Z
52,2022,99904,30576,520,male,182293,2024-10-24T16:20:42Z
52,2022,99904,30576,520,female,108274,2024-10-24T16:20:42Z
52,2022,99904,30576,530,male,173808,2024-10-24T16:20:42Z
52,2022,99904,30576,530,female,71772,2024-10-24T16:20:42Z
52,2022,99904,30576,540,male,73122,2024-10-24T16:20:42Z
52,2022,99904,30576,540,female,75081,2024-10-24T16:20:42Z
52,2022,99904,30576,550,male,21202,2024-10-24T16:20:42Z
52,2022,99904,30576,550,female,13482,2024-10-24T16:20:42Z
52,2022,99904,30576,560,male,36853,2024-10-24T16:20:42Z
52,2022,99904,30576,560,female,19114,2024-10-24T16:20:42Z
52,2022,99904,30576,570,male,35477,2024-10-24T16:20:42Z
52,2022,99904,30576,580,male,1596,2024-10-24T16:20:42Z
52,2022,99904,30576,590,female,36853,2024-10-24T16:20:42Z
52,2022,99904,30576,600,male,38228,2024-10-24T16:20:42Z
52,2022,99904,30576,620,male,3859,2024-10-24T16:20:42Z
52,2022,99904,30576,620,female,4316,2024-10-24T16:20:42Z
52,2022,99904,30576,630,female,7744,2024-10-24T16:20:42Z
52,2022,99904,30576,660,male,4197,2024-10-24T16:20:42Z
52,2022,99904,30576,700,male,11843,2024-10-24T16:20:42Z
52,2022,99904,30576,710,female,4316,2024-10-24T16:20:42Z
52,2022,99904,30576,720,male,10304,2024-10-24T16:20:42Z
52,2022,99904,30576,760,male,4316,2024-10-24T16:20:42Z
52,2022,99904,30576,780,male,2600,2024-10-24T16:20:42Z
52,2022,99904,30576,780,female,2600,2024-10-24T16:20:42Z
52,2022,99904,30576,810,female,2600,2024-10-24T16:20:42Z
52,2024,99904,30576,180,male,24043,2024-10-24T16:20:42Z
52,2024,99904,30576,220,male,24043,2024-10-24T16:20:42Z
52,2024,99904,30576,260,male,18858,2024-10-24T16:20:42Z
52,2024,99904,30576,270,male,29228,2024-10-24T16:20:42Z
52,2024,99904,30576,280,male,9429,2024-10-24T16:20:42Z
52,2024,99904,30576,290,male,9429,2024-10-24T16:20:42Z
52,2024,99904,30576,300,male,18858,2024-10-24T16:20:42Z
52,2024,99904,30576,310,male,9429,2024-10-24T16:20:42Z
52,2024,99904,30576,320,male,31939,2024-10-24T16:20:42Z
52,2024,99904,30576,330,male,58245,2024-10-24T16:20:42Z
52,2024,99904,30576,340,male,187502,2024-10-24T16:20:42Z
52,2024,99904,30576,350,male,95336,2024-10-24T16:20:42Z
52,2024,99904,30576,360,male,144364,2024-10-24T16:20:42Z
52,2024,99904,30576,370,male,47808,2024-10-24T16:20:42Z
52,2024,99904,30576,380,male,168865,2024-10-24T16:20:42Z
52,2024,99904,30576,390,male,164629,2024-10-24T16:20:42Z
52,2024,99904,30576,400,male,248410,2024-10-24T16:20:42Z
52,2024,99904,30576,410,male,355803,2024-10-24T16:20:42Z
52,2024,99904,30576,420,male,320102,2024-10-24T16:20:42Z
52,2024,99904,30576,430,male,255037,2024-10-24T16:20:42Z
52,2024,99904,30576,440,male,451416,2024-10-24T16:20:42Z
52,2024,99904,30576,450,male,296297,2024-10-24T16:20:42Z
52,2024,99904,30576,460,male,159747,2024-10-24T16:20:42Z
52,2024,99904,30576,470,male,263077,2024-10-24T16:20:42Z
52,2024,99904,30576,480,male,99335,2024-10-24T16:20:42Z
52,2024,99904,30576,490,male,165703,2024-10-24T16:20:42Z
52,2024,99904,30576,500,male,219859,2024-10-24T16:20:42Z
52,2024,99904,30576,510,male,103473,2024-10-24T16:20:42Z
52,2024,99904,30576,520,male,61645,2024-10-24T16:20:42Z
52,2024,99904,30576,540,male,28157,2024-10-24T16:20:42Z
52,2024,99904,30576,550,male,22922,2024-10-24T16:20:42Z
52,2024,99904,30576,560,male,28157,2024-10-24T16:20:42Z
52,2024,99904,30576,570,male,22922,2024-10-24T16:20:42Z
52,2024,99904,30576,590,male,28157,2024-10-24T16:20:42Z
52,2024,99904,30576,600,male,9022,2024-10-24T16:20:42Z
52,2024,99904,30576,610,male,27066,2024-10-24T16:20:42Z
52,2024,99904,30576,680,male,9899,2024-10-24T16:20:42Z
52,2024,99904,30576,690,male,9899,2024-10-24T16:20:42Z
52,2024,99904,30576,710,male,2574,2024-10-24T16:20:42Z
52,2024,99904,30576,720,male,9899,2024-10-24T16:20:42Z
52,2024,99904,30576,850,male,2574,2024-10-24T16:20:42Z
52,2024,99904,30576,250,female,9429,2024-10-24T16:20:42Z
52,2024,99904,30576,300,female,7896,2024-10-24T16:20:42Z
52,2024,99904,30576,330,female,52201,2024-10-24T16:20:42Z
52,2024,99904,30576,340,female,18858,2024-10-24T16:20:42Z
52,2024,99904,30576,350,female,38446,2024-10-24T16:20:42Z
52,2024,99904,30576,360,female,294848,2024-10-24T16:20:42Z
52,2024,99904,30576,370,female,196116,2024-10-24T16:20:42Z
52,2024,99904,30576,380,female,164987,2024-10-24T16:20:42Z
52,2024,99904,30576,390,female,322162,2024-10-24T16:20:42Z
52,2024,99904,30576,400,female,207389,2024-10-24T16:20:42Z
52,2024,99904,30576,410,female,464169,2024-10-24T16:20:42Z
52,2024,99904,30576,420,female,447939,2024-10-24T16:20:42Z
52,2024,99904,30576,430,female,486443,2024-10-24T16:20:42Z
52,2024,99904,30576,440,female,404592,2024-10-24T16:20:42Z
52,2024,99904,30576,450,female,170065,2024-10-24T16:20:42Z
52,2024,99904,30576,460,female,321217,2024-10-24T16:20:42Z
52,2024,99904,30576,470,female,232079,2024-10-24T16:20:42Z
52,2024,99904,30576,480,female,174878,2024-10-24T16:20:42Z
52,2024,99904,30576,490,female,129948,2024-10-24T16:20:42Z
52,2024,99904,30576,500,female,79236,2024-10-24T16:20:42Z
52,2024,99904,30576,510,female,73355,2024-10-24T16:20:42Z
52,2024,99904,30576,520,female,30443,2024-10-24T16:20:42Z
52,2024,99904,30576,540,female,28157,2024-10-24T16:20:42Z
52,2024,99904,30576,550,female,70214,2024-10-24T16:20:42Z
52,2024,99904,30576,600,female,16917,2024-10-24T16:20:42Z
52,2024,99904,30576,690,female,10253,2024-10-24T16:20:42Z
52,2024,99904,30576,740,female,9022,2024-10-24T16:20:42Z
