year,council_sablefish_management_area,length,rpw
1996,Aleutians,29,23.3540616788387
1996,Aleutians,30,37.4564382006838
1996,Aleutians,31,70.5118826092257
1996,Aleutians,32,50.8652100521295
1996,Aleutians,33,121.4990462102
1996,Aleutians,34,55.837854965826
1996,Aleutians,35,133.429956592502
1996,Aleutians,36,98.1449845313614
1996,Aleutians,37,210.064601560703
1996,Aleutians,38,122.070697331755
1996,Aleutians,39,297.807783489792
1996,Aleutians,40,276.175490377787
1996,Aleutians,41,279.760925950684
1996,Aleutians,42,396.074721569998
1996,Aleutians,43,361.632067820658
1996,Aleutians,44,201.384567525264
1996,Aleutians,45,377.121653683302
1996,Aleutians,46,271.44675256178
1996,Aleutians,47,232.146592245418
1996,Aleutians,48,134.001607714057
1996,Aleutians,49,331.563647770903
1996,Aleutians,50,241.398277402412
1996,Aleutians,51,455.78996183217
1996,Aleutians,52,341.958635171006
1996,Aleutians,53,456.885221449521
1996,Aleutians,54,205.785561317406
1996,Aleutians,55,209.486135236979
1996,Aleutians,56,224.166978082548
1996,Aleutians,57,272.97586034181
1996,Aleutians,58,140.574067645742
1996,Aleutians,59,194.934061142424
1996,Aleutians,60,226.389690532977
1996,Aleutians,61,283.949314065637
1996,Aleutians,62,182.360792400608
1996,Aleutians,63,119.899231192211
1996,Aleutians,64,157.47762294174
1996,Aleutians,65,151.47681413161
1996,Aleutians,66,49.9589997045404
1996,Aleutians,67,99.917999409080707
1996,Aleutians,68,120.021184741056
1996,Aleutians,69,134.123561262902
1996,Aleutians,70,79.8148140771052
1996,Aleutians,71,60.8104998795224
1996,Aleutians,73,26.6049380257017
1996,Aleutians,74,14.1023765218451
1996,Aleutians,75,90.6663142520872
1996,Aleutians,76,26.6049380257017
1996,Aleutians,77,23.3540616788387
1996,Aleutians,78,26.6049380257017
1996,Aleutians,79,23.3540616788387
1996,Aleutians,85,6.26145711307823
1996,Aleutians,88,4.27904024329706
1997,Bering Sea,26,9.50212826324619
1997,Bering Sea,32,34.2148996009615
1997,Bering Sea,33,9.82875684322015
1997,Bering Sea,34,14.60234531727771
1997,Bering Sea,36,65.5560146580426
1997,Bering Sea,37,49.7131169788666
1997,Bering Sea,38,45.718897194976186
1997,Bering Sea,39,57.1148349800686
1997,Bering Sea,40,182.677275721817
1997,Bering Sea,41,31.443180457672497
1997,Bering Sea,42,145.75342890990132
1997,Bering Sea,43,350.5424103906797
1997,Bering Sea,44,185.3644625299542
1997,Bering Sea,45,128.3762904746701
1997,Bering Sea,46,137.3770045736245
1997,Bering Sea,47,94.28449268814859
1997,Bering Sea,48,50.492485669033734
1997,Bering Sea,49,202.3945766480398
1997,Bering Sea,50,132.3044251598431
1997,Bering Sea,51,147.20153846686028
1997,Bering Sea,52,159.3451430137351
1997,Bering Sea,53,572.8820339539861
1997,Bering Sea,54,348.5634673724851
1997,Bering Sea,55,233.29993326580097
1997,Bering Sea,56,367.2766787427716
1997,Bering Sea,57,601.6236413107172
1997,Bering Sea,58,613.9751212028808
1997,Bering Sea,59,332.8789295479507
1997,Bering Sea,60,193.4519828057748
1997,Bering Sea,61,484.78700620548534
1997,Bering Sea,62,513.9171001393217
1997,Bering Sea,63,739.986141814998
1997,Bering Sea,64,326.6963356152208
1997,Bering Sea,65,506.9642149007994
1997,Bering Sea,66,359.5722802793084
1997,Bering Sea,67,165.8230228402283
1997,Bering Sea,68,440.0453787531821
1997,Bering Sea,69,449.86885459919796
1997,Bering Sea,70,245.5814001234346
1997,Bering Sea,71,303.68725519207
1997,Bering Sea,72,58.9906820627303
1997,Bering Sea,73,164.16815666364332
1997,Bering Sea,74,164.460119785642
1997,Bering Sea,75,202.0535591723842
1997,Bering Sea,76,159.6965226589002
1997,Bering Sea,77,109.0731534535274
1997,Bering Sea,78,162.2628591825698
1997,Bering Sea,79,383.69641113576
1997,Bering Sea,80,40.8822975968653
1997,Bering Sea,81,74.0331746378906
1997,Bering Sea,82,64.2951770040474
1997,Bering Sea,83,286.164817225649
1997,Bering Sea,84,20.0021939877112
1997,Bering Sea,85,115.74055144943131
1997,Bering Sea,86,29.202367781643
1997,Bering Sea,87,27.5475016050578
1997,Bering Sea,88,100.7508892810384
1997,Bering Sea,89,137.737508025289
1997,Bering Sea,90,98.81203107432329
1997,Bering Sea,91,20.0021939877112
1997,Bering Sea,92,6.66739799590374
1997,Bering Sea,93,10.3456547143564
1997,Bering Sea,95,6.66739799590374
1998,Aleutians,30,7.00855659282505
1998,Aleutians,31,7.00855659282505
1998,Aleutians,32,28.0342263713002
1998,Aleutians,33,42.0513395569503
1998,Aleutians,34,90.62887521225309
1998,Aleutians,35,124.90864927100701
1998,Aleutians,36,28.0342263713002
1998,Aleutians,37,206.14606387429887
1998,Aleutians,38,267.8356931495896
1998,Aleutians,39,316.548705447695
1998,Aleutians,40,503.566989404167
1998,Aleutians,41,231.4627550466269
1998,Aleutians,42,147.232631382697
1998,Aleutians,43,265.81693460456563
1998,Aleutians,44,335.697792485318
1998,Aleutians,45,516.943877626286
1998,Aleutians,46,350.3583861885052
1998,Aleutians,47,507.735185988288
1998,Aleutians,48,422.872452084773
1998,Aleutians,49,674.458424053617
1998,Aleutians,50,579.977907560778
1998,Aleutians,51,877.843801703026
1998,Aleutians,52,634.443534895926
1998,Aleutians,53,743.421338116012
1998,Aleutians,54,359.1621277687898
1998,Aleutians,55,338.389109817913
1998,Aleutians,56,693.9869216333691
1998,Aleutians,57,599.5324177193461
1998,Aleutians,58,613.931097355982
1998,Aleutians,59,793.983202260785
1998,Aleutians,60,332.258772216245
1998,Aleutians,61,247.705547092749
1998,Aleutians,62,203.5996323627519
1998,Aleutians,63,571.155275784733
1998,Aleutians,64,157.5811996817552
1998,Aleutians,65,227.9526423847
1998,Aleutians,66,136.6487443072632
1998,Aleutians,67,336.227910377805
1998,Aleutians,68,235.6518474212259
1998,Aleutians,69,132.260416101669
1998,Aleutians,70,55.606946190440695
1998,Aleutians,71,175.7095159585632
1998,Aleutians,72,71.48332622819379
1998,Aleutians,73,285.770253928086
1998,Aleutians,74,18.6031029152272
1998,Aleutians,75,56.1743386093431
1998,Aleutians,76,92.5619389400403
1998,Aleutians,77,35.0957258974966
1998,Aleutians,79,14.0171131856501
1998,Aleutians,80,18.5286974160426
1998,Aleutians,81,28.0871693046716
1999,Bering Sea,31,44.5208627962389
1999,Bering Sea,32,197.157248144949
1999,Bering Sea,33,16.8405946255414
1999,Bering Sea,34,16.8405946255414
1999,Bering Sea,35,246.30795656119722
1999,Bering Sea,36,44.5208627962389
1999,Bering Sea,37,98.5103236772584
1999,Bering Sea,38,530.4679525649112
1999,Bering Sea,39,445.95527713340095
1999,Bering Sea,40,73.43540188431213
1999,Bering Sea,41,69.448070806727
1999,Bering Sea,42,114.768172838702
1999,Bering Sea,43,221.5602492958013
1999,Bering Sea,44,140.2781263132879
1999,Bering Sea,45,237.156425986836
1999,Bering Sea,46,66.37057671239839
1999,Bering Sea,47,329.195702718622
1999,Bering Sea,48,348.9825352202692
1999,Bering Sea,49,234.1063414749099
1999,Bering Sea,50,155.60947912754952
1999,Bering Sea,51,480.5894021389887
1999,Bering Sea,52,509.5077575456764
1999,Bering Sea,53,868.8435848255647
1999,Bering Sea,54,651.0307743206026
1999,Bering Sea,55,545.815408445923
1999,Bering Sea,56,888.405019874392
1999,Bering Sea,57,1226.1473637576898
1999,Bering Sea,58,1535.1262701288238
1999,Bering Sea,59,1389.784152825892
1999,Bering Sea,60,1502.9932316470884
1999,Bering Sea,61,1480.7782483222163
1999,Bering Sea,62,1323.912759325467
1999,Bering Sea,63,1356.4279098697239
1999,Bering Sea,64,1184.7540673101037
1999,Bering Sea,65,1291.4535589154466
1999,Bering Sea,66,1067.32122854022
1999,Bering Sea,67,1460.3038411471784
1999,Bering Sea,68,333.8778112342578
1999,Bering Sea,69,443.4586999755889
1999,Bering Sea,70,375.7555432485736
1999,Bering Sea,71,750.9803194319313
1999,Bering Sea,72,365.979773794946
1999,Bering Sea,73,329.8526957525013
1999,Bering Sea,74,257.0708158387328
1999,Bering Sea,75,473.745474682385
1999,Bering Sea,76,226.73381051646
1999,Bering Sea,77,44.5208627962389
1999,Bering Sea,78,471.21064760143776
1999,Bering Sea,79,116.122667211956
1999,Bering Sea,80,211.8799307290054
1999,Bering Sea,81,95.75726351704901
1999,Bering Sea,82,243.5640303202325
1999,Bering Sea,83,111.01809703450611
1999,Bering Sea,84,235.16971114874923
1999,Bering Sea,85,43.1497873358634
1999,Bering Sea,86,453.4481122919068
1999,Bering Sea,87,298.3683690867904
1999,Bering Sea,88,85.7416017766755
1999,Bering Sea,89,160.57548870376598
1999,Bering Sea,90,177.7818264384604
1999,Bering Sea,91,140.992208739784
1999,Bering Sea,92,27.6802681706975
1999,Bering Sea,93,21.0966016262146
1999,Bering Sea,95,70.8300555065609
1999,Bering Sea,96,70.8300555065609
1999,Bering Sea,105,169.476979974251
2000,Aleutians,29,43.95341699880446
2000,Aleutians,30,21.4935677777756
2000,Aleutians,31,81.3325374163225
2000,Aleutians,32,59.9945108502181
2000,Aleutians,33,201.9834113257943
2000,Aleutians,34,170.9400548885941
2000,Aleutians,35,164.4907072035756
2000,Aleutians,36,342.493066171628
2000,Aleutians,37,321.222541757011
2000,Aleutians,38,341.164687793778
2000,Aleutians,39,580.1577127230939
2000,Aleutians,40,586.764571140539
2000,Aleutians,41,687.063358800207
2000,Aleutians,42,804.554643333318
2000,Aleutians,43,765.454395181187
2000,Aleutians,44,660.679029119628
2000,Aleutians,45,770.9670955924321
2000,Aleutians,46,1021.3012671206079
2000,Aleutians,47,583.990469422465
2000,Aleutians,48,897.786011495947
2000,Aleutians,49,661.903989856189
2000,Aleutians,50,601.355855648149
2000,Aleutians,51,499.58207531649504
2000,Aleutians,52,529.8244618103172
2000,Aleutians,53,473.082845657524
2000,Aleutians,54,319.89828611785504
2000,Aleutians,55,436.94129721234503
2000,Aleutians,56,234.9463966748113
2000,Aleutians,57,304.61685382386577
2000,Aleutians,58,367.092196064925
2000,Aleutians,59,178.2204419453814
2000,Aleutians,60,293.441075965675
2000,Aleutians,61,195.9365873418837
2000,Aleutians,62,200.2342411752088
2000,Aleutians,63,211.72192551052802
2000,Aleutians,64,286.1092117109323
2000,Aleutians,65,265.7261013965138
2000,Aleutians,66,116.8249648522758
2000,Aleutians,67,363.2794693658062
2000,Aleutians,68,201.1737718654571
2000,Aleutians,69,32.2913367315369
2000,Aleutians,70,77.6676427716724
2000,Aleutians,71,38.3454018607714
2000,Aleutians,72,129.7365941970038
2000,Aleutians,73,19.9509546576651
2000,Aleutians,74,43.8197985855767
2000,Aleutians,75,129.7365941970038
2001,Bering Sea,27,19.8828685668379
2001,Bering Sea,31,26.296312881191902
2001,Bering Sea,32,6.02042558237127
2001,Bering Sea,33,39.7657371336757
2001,Bering Sea,34,25.9032941492091
2001,Bering Sea,35,18.33111452758677
2001,Bering Sea,37,30.64180347280217
2001,Bering Sea,39,31.53353100946721
2001,Bering Sea,40,57.8270138807895
2001,Bering Sea,41,356.1631373785172
2001,Bering Sea,42,94.51925467205191
2001,Bering Sea,43,113.7328407492351
2001,Bering Sea,44,71.7464334610729
2001,Bering Sea,45,118.8554791921619
2001,Bering Sea,46,70.14053283587451
2001,Bering Sea,47,230.6115382811113
2001,Bering Sea,48,102.9807696748855
2001,Bering Sea,49,401.54896383734416
2001,Bering Sea,50,203.88214323189064
2001,Bering Sea,51,280.0233251741814
2001,Bering Sea,52,103.8724972115504
2001,Bering Sea,53,1036.711908964612
2001,Bering Sea,54,854.044096421379
2001,Bering Sea,55,1065.7785053399177
2001,Bering Sea,56,224.6567393353939
2001,Bering Sea,57,631.519045990924
2001,Bering Sea,58,1101.756176124822
2001,Bering Sea,59,705.8355254929796
2001,Bering Sea,60,564.9200670479221
2001,Bering Sea,61,1231.5206230683227
2001,Bering Sea,62,724.4051765869906
2001,Bering Sea,63,1293.5952394095261
2001,Bering Sea,64,1012.829449376867
2001,Bering Sea,65,788.02486236321
2001,Bering Sea,66,432.0926092152685
2001,Bering Sea,67,925.889025834344
2001,Bering Sea,68,469.3701921679982
2001,Bering Sea,69,100.8761185204377
2001,Bering Sea,70,346.6709549617581
2001,Bering Sea,71,417.7593458601348
2001,Bering Sea,72,932.4409327040472
2001,Bering Sea,73,141.6283004031407
2001,Bering Sea,74,596.4995403289532
2001,Bering Sea,75,109.43474289108751
2001,Bering Sea,76,404.478421031774
2001,Bering Sea,77,348.934267308052
2001,Bering Sea,78,413.0200860747893
2001,Bering Sea,79,8.63810656601839
2001,Bering Sea,80,157.8285348908241
2001,Bering Sea,81,273.3852284976066
2001,Bering Sea,82,38.2139830944246
2001,Bering Sea,83,188.9662171584389
2001,Bering Sea,84,12.3106889452155
2001,Bering Sea,85,306.96134835391945
2001,Bering Sea,86,83.26161096140538
2001,Bering Sea,87,40.1587558656585
2001,Bering Sea,88,350.45221446890963
2001,Bering Sea,89,443.4002779946454
2001,Bering Sea,90,209.2949595358594
2001,Bering Sea,91,40.8216123781143
2001,Bering Sea,93,26.5661506616649
2001,Bering Sea,94,18.33111452758677
2001,Bering Sea,97,14.2554617164494
2001,Bering Sea,98,19.8828685668379
2001,Bering Sea,100,19.8828685668379
2001,Bering Sea,102,19.8828685668379
2001,Bering Sea,104,19.8828685668379
2002,Aleutians,29,5.8534784631805
2002,Aleutians,30,23.413913852722
2002,Aleutians,31,58.688593363947405
2002,Aleutians,32,76.2490287534889
2002,Aleutians,33,30.167667487258
2002,Aleutians,34,76.99549519270201
2002,Aleutians,35,131.6353962043288
2002,Aleutians,36,185.29162844846962
2002,Aleutians,37,209.2683583708374
2002,Aleutians,38,228.6335798712384
2002,Aleutians,39,278.4131959279616
2002,Aleutians,40,446.598205591128
2002,Aleutians,41,448.629733324772
2002,Aleutians,42,401.119962737457
2002,Aleutians,43,548.7216371517829
2002,Aleutians,44,354.958297644399
2002,Aleutians,45,428.053004152843
2002,Aleutians,46,440.10163973114504
2002,Aleutians,47,442.776604438179
2002,Aleutians,48,331.74460073509
2002,Aleutians,49,482.389160454995
2002,Aleutians,50,424.525736504237
2002,Aleutians,51,376.05371928700436
2002,Aleutians,52,262.9192575655704
2002,Aleutians,53,401.44053080301296
2002,Aleutians,54,359.516707990036
2002,Aleutians,55,326.149738778075
2002,Aleutians,56,308.625806691072
2002,Aleutians,57,204.9993311230905
2002,Aleutians,58,296.9085411945721
2002,Aleutians,59,222.0284145151954
2002,Aleutians,60,201.8127663405023
2002,Aleutians,61,251.6572374049229
2002,Aleutians,62,234.6055338198149
2002,Aleutians,63,144.10333482022
2002,Aleutians,64,245.00385833502298
2002,Aleutians,65,180.1172867990385
2002,Aleutians,66,83.2911792970318
2002,Aleutians,67,101.21864946547761
2002,Aleutians,68,117.206994148611
2002,Aleutians,69,205.019450578486
2002,Aleutians,70,125.880923868854
2002,Aleutians,71,138.4135050624099
2002,Aleutians,72,5.8534784631805
2002,Aleutians,73,31.0721784267624
2002,Aleutians,74,33.892629683825
2002,Aleutians,76,44.5839214639833
2002,Aleutians,77,19.3652215004014
2002,Aleutians,78,5.8534784631805
2002,Aleutians,79,11.706956926361
2002,Aleutians,83,19.3652215004014
2003,Bering Sea,28,9.15656924025519
2003,Bering Sea,29,7.35762946271445
2003,Bering Sea,32,8.31386756063115
2003,Bering Sea,33,31.68677806273145
2003,Bering Sea,34,209.35851618933089
2003,Bering Sea,36,116.29960328422159
2003,Bering Sea,37,34.95952174454218
2003,Bering Sea,38,140.1618276832719
2003,Bering Sea,39,89.46382683835554
2003,Bering Sea,40,212.2467464927523
2003,Bering Sea,41,62.7046362361519
2003,Bering Sea,42,90.57857578531166
2003,Bering Sea,43,154.15416561049094
2003,Bering Sea,44,98.10283027225749
2003,Bering Sea,45,331.2189137688089
2003,Bering Sea,46,724.632838187272
2003,Bering Sea,47,293.00648715403986
2003,Bering Sea,48,891.4940862982938
2003,Bering Sea,49,365.67345598894485
2003,Bering Sea,50,1384.0063168048725
2003,Bering Sea,51,1449.4775993979367
2003,Bering Sea,52,1683.4755795851138
2003,Bering Sea,53,2067.575487796947
2003,Bering Sea,54,1435.0505560431104
2003,Bering Sea,55,1678.7091935056144
2003,Bering Sea,56,1912.4517650397706
2003,Bering Sea,57,2516.9896718278774
2003,Bering Sea,58,2954.7169861673583
2003,Bering Sea,59,2281.9960757808494
2003,Bering Sea,60,4820.775499710501
2003,Bering Sea,61,4300.700159175159
2003,Bering Sea,62,3213.2640237317714
2003,Bering Sea,63,2942.8456603736367
2003,Bering Sea,64,2694.299594556098
2003,Bering Sea,65,3154.063886319447
2003,Bering Sea,66,2676.10820832902
2003,Bering Sea,67,2334.7543901689683
2003,Bering Sea,68,2211.946910985551
2003,Bering Sea,69,1561.0649833580528
2003,Bering Sea,70,2062.946375688246
2003,Bering Sea,71,1154.1826765321807
2003,Bering Sea,72,2511.1357619479104
2003,Bering Sea,73,1495.3966220251345
2003,Bering Sea,74,1128.529987302898
2003,Bering Sea,75,1362.3595331581314
2003,Bering Sea,76,1297.763356147298
2003,Bering Sea,77,779.4109072421654
2003,Bering Sea,78,261.79825468234606
2003,Bering Sea,79,994.7467011234775
2003,Bering Sea,80,862.0800504642557
2003,Bering Sea,81,962.335945633379
2003,Bering Sea,82,1353.7851552774446
2003,Bering Sea,83,442.4542751503021
2003,Bering Sea,84,434.372668260221
2003,Bering Sea,85,765.4009776013335
2003,Bering Sea,86,755.425542658189
2003,Bering Sea,87,149.04673863189873
2003,Bering Sea,88,694.8629692495098
2003,Bering Sea,89,535.334005676014
2003,Bering Sea,90,337.68060951923
2003,Bering Sea,91,218.2484284365517
2003,Bering Sea,92,168.840304759615
2003,Bering Sea,93,398.3528118386545
2003,Bering Sea,95,109.970697085616
2003,Bering Sea,96,94.66085829289955
2003,Bering Sea,99,168.840304759615
2004,Aleutians,28,4.86899858270098
2004,Aleutians,29,9.73799716540195
2004,Aleutians,30,4.86899858270098
2004,Aleutians,31,9.73799716540195
2004,Aleutians,32,38.9519886616078
2004,Aleutians,33,105.54413906642579
2004,Aleutians,34,102.7803486697203
2004,Aleutians,35,177.0052880539446
2004,Aleutians,36,207.97263693234282
2004,Aleutians,37,291.1176638731564
2004,Aleutians,38,366.267691663255
2004,Aleutians,39,603.8178735340041
2004,Aleutians,40,834.465873958228
2004,Aleutians,41,564.96298602519
2004,Aleutians,42,769.1912653905499
2004,Aleutians,43,828.766453937964
2004,Aleutians,44,742.835618326659
2004,Aleutians,45,772.0055793941671
2004,Aleutians,46,479.57189342233403
2004,Aleutians,47,391.2804838322314
2004,Aleutians,48,607.610153619027
2004,Aleutians,49,384.91208685437783
2004,Aleutians,50,418.35724883695923
2004,Aleutians,51,367.118348652041
2004,Aleutians,52,315.7069854806866
2004,Aleutians,53,441.023350282279
2004,Aleutians,54,447.039308016875
2004,Aleutians,55,267.896294992836
2004,Aleutians,56,291.78432080588277
2004,Aleutians,57,121.05394046359959
2004,Aleutians,58,306.837798946727
2004,Aleutians,59,217.156454404023
2004,Aleutians,60,294.8909201528328
2004,Aleutians,61,182.509541405681
2004,Aleutians,62,120.255634969391
2004,Aleutians,63,223.793364831484
2004,Aleutians,64,190.940635879295
2004,Aleutians,65,157.5385107679018
2004,Aleutians,66,216.070993915176
2004,Aleutians,67,134.245810037981
2004,Aleutians,68,89.7766276528053
2004,Aleutians,69,136.032363427773
2004,Aleutians,70,190.940635879295
2004,Aleutians,71,88.4697249610176
2004,Aleutians,72,26.2158185247281
2004,Aleutians,73,42.6936398840542
2004,Aleutians,75,21.3468199420271
2004,Aleutians,76,88.4697249610176
2004,Aleutians,77,21.3468199420271
2004,Aleutians,80,4.86899858270098
2005,Bering Sea,30,5.36039691124848
2005,Bering Sea,31,22.1387892103627
2005,Bering Sea,32,16.11564787947367
2005,Bering Sea,33,24.59217570421657
2005,Bering Sea,34,9.28451718666378
2005,Bering Sea,35,64.8269148510926
2005,Bering Sea,36,5.36039691124848
2005,Bering Sea,37,56.7961851002742
2005,Bering Sea,38,56.015482101243144
2005,Bering Sea,39,35.31296952671357
2005,Bering Sea,40,70.46951688349377
2005,Bering Sea,41,167.66517643705578
2005,Bering Sea,42,93.00575949534746
2005,Bering Sea,43,150.76977888785206
2005,Bering Sea,44,42.429848918898756
2005,Bering Sea,45,176.11015321155622
2005,Bering Sea,46,162.70844662024484
2005,Bering Sea,47,174.5747485736555
2005,Bering Sea,48,313.4081152194175
2005,Bering Sea,49,444.6088202213093
2005,Bering Sea,50,229.12938421768015
2005,Bering Sea,51,798.2096566466311
2005,Bering Sea,52,460.6038712855456
2005,Bering Sea,53,336.9204960169527
2005,Bering Sea,54,652.7307302544458
2005,Bering Sea,55,685.5613636523436
2005,Bering Sea,56,608.496830867226
2005,Bering Sea,57,756.9531730408144
2005,Bering Sea,58,1096.4609180017458
2005,Bering Sea,59,603.2641591784338
2005,Bering Sea,60,631.7613144451484
2005,Bering Sea,61,414.03368891527185
2005,Bering Sea,62,438.5812790553074
2005,Bering Sea,63,1053.498564962556
2005,Bering Sea,64,392.42149451105684
2005,Bering Sea,65,530.4005929602876
2005,Bering Sea,66,429.5843995819549
2005,Bering Sea,67,330.4931069984476
2005,Bering Sea,68,361.5386175331818
2005,Bering Sea,69,185.3292982937229
2005,Bering Sea,70,225.9100569925633
2005,Bering Sea,71,315.9113379083242
2005,Bering Sea,72,63.5846804426849
2005,Bering Sea,73,179.7154692194861
2005,Bering Sea,74,69.88431757269231
2005,Bering Sea,75,44.32916911893001
2005,Bering Sea,76,87.8863938156565
2005,Bering Sea,77,60.3872076940453
2005,Bering Sea,78,52.8530654019124
2005,Bering Sea,79,80.5215562788187
2005,Bering Sea,80,18.30071677888018
2005,Bering Sea,81,11.46958608607029
2005,Bering Sea,82,69.8807341486525
2005,Bering Sea,83,5.36039691124848
2005,Bering Sea,84,22.9391721721406
2005,Bering Sea,85,6.10918917482181
2005,Bering Sea,86,6.10918917482181
2005,Bering Sea,87,6.10918917482181
2005,Bering Sea,88,10.720793822497
2005,Bering Sea,94,22.1387892103627
2005,Bering Sea,106,5.36039691124848
2006,Aleutians,29,34.7837926730923
2006,Aleutians,30,12.2631474665155
2006,Aleutians,31,18.3947211997733
2006,Aleutians,32,30.6578686662889
2006,Aleutians,33,59.2578876994759
2006,Aleutians,34,120.8486188380383
2006,Aleutians,35,118.98235078064977
2006,Aleutians,36,115.13456254597301
2006,Aleutians,37,188.2749423208496
2006,Aleutians,38,361.857898121116
2006,Aleutians,39,429.85660768695703
2006,Aleutians,40,574.113415675075
2006,Aleutians,41,670.8346724290941
2006,Aleutians,42,554.061317726001
2006,Aleutians,43,1072.653487112268
2006,Aleutians,44,993.903589104164
2006,Aleutians,45,887.32950988075
2006,Aleutians,46,786.506785740639
2006,Aleutians,47,1247.289481473873
2006,Aleutians,48,1243.773345347036
2006,Aleutians,49,1123.377893582507
2006,Aleutians,50,1094.449713072308
2006,Aleutians,51,992.679756350746
2006,Aleutians,52,875.515966044617
2006,Aleutians,53,815.140504989303
2006,Aleutians,54,842.265344504465
2006,Aleutians,55,509.42291187968897
2006,Aleutians,56,630.596146775884
2006,Aleutians,57,680.1983360181309
2006,Aleutians,58,363.6090117558165
2006,Aleutians,59,736.218824168807
2006,Aleutians,60,795.202546410985
2006,Aleutians,61,524.2171095125913
2006,Aleutians,62,431.43207665504406
2006,Aleutians,63,264.9297054915645
2006,Aleutians,64,343.0059179083004
2006,Aleutians,65,452.5631235408278
2006,Aleutians,66,430.969311695959
2006,Aleutians,67,261.078775290746
2006,Aleutians,68,163.536168772618
2006,Aleutians,69,367.044740420146
2006,Aleutians,70,64.9684151557804
2006,Aleutians,71,346.135440443021
2006,Aleutians,72,72.5707237864224
2006,Aleutians,73,151.273021306103
2006,Aleutians,75,42.56025145243707
2006,Aleutians,76,72.5707237864224
2006,Aleutians,77,18.6175150991105
2006,Aleutians,78,72.5707237864224
2007,Bering Sea,27,4.72141472962517
2007,Bering Sea,29,6.26822078366671
2007,Bering Sea,31,8.58256296116386
2007,Bering Sea,32,8.58256296116386
2007,Bering Sea,33,72.4007474149679
2007,Bering Sea,34,47.163565445053564
2007,Bering Sea,35,8.58256296116386
2007,Bering Sea,36,211.3320555124051
2007,Bering Sea,37,13.303977690789031
2007,Bering Sea,38,44.5124653416992
2007,Bering Sea,39,124.094566565847
2007,Bering Sea,40,131.4670813988268
2007,Bering Sea,41,43.02968656132195
2007,Bering Sea,42,114.5393914368045
2007,Bering Sea,43,110.2581830116616
2007,Bering Sea,44,127.14077022200074
2007,Bering Sea,45,15.561464681657391
2007,Bering Sea,46,319.5330286148208
2007,Bering Sea,47,249.97415477159004
2007,Bering Sea,48,63.067047981065144
2007,Bering Sea,49,156.34015502835913
2007,Bering Sea,50,718.544343389372
2007,Bering Sea,51,264.3179419456573
2007,Bering Sea,52,282.70961401036226
2007,Bering Sea,53,442.5361622669309
2007,Bering Sea,54,1020.2612077363921
2007,Bering Sea,55,330.48712462598394
2007,Bering Sea,56,629.9471239310848
2007,Bering Sea,57,679.1498566787927
2007,Bering Sea,58,1457.2458003966153
2007,Bering Sea,59,662.445887612169
2007,Bering Sea,60,756.661077062672
2007,Bering Sea,61,1022.2277482323436
2007,Bering Sea,62,1506.668025999793
2007,Bering Sea,63,514.8948201360689
2007,Bering Sea,64,1107.1917996752009
2007,Bering Sea,65,697.897816518719
2007,Bering Sea,66,991.9194920009719
2007,Bering Sea,67,338.3358129700917
2007,Bering Sea,68,489.4992225062149
2007,Bering Sea,69,543.8636106515295
2007,Bering Sea,70,467.8505195183791
2007,Bering Sea,71,557.8490528225009
2007,Bering Sea,72,636.6140352322602
2007,Bering Sea,73,310.88771013334093
2007,Bering Sea,74,72.4007474149679
2007,Bering Sea,75,37.331111532519074
2007,Bering Sea,76,234.6137437963987
2007,Bering Sea,77,186.2694023696632
2007,Bering Sea,78,394.445750721231
2007,Bering Sea,79,201.6281157484584
2007,Bering Sea,80,10.9896355132919
2007,Bering Sea,82,14.1642441888755
2007,Bering Sea,83,388.177529937565
2007,Bering Sea,85,39.791050612074
2007,Bering Sea,86,10.9896355132919
2007,Bering Sea,88,39.791050612074
2007,Bering Sea,90,4.72141472962517
2007,Bering Sea,92,62.8232018444127
2007,Bering Sea,93,39.791050612074
2007,Bering Sea,98,39.791050612074
2008,Aleutians,27,5.26014604209269
2008,Aleutians,28,5.26014604209269
2008,Aleutians,29,5.26014604209269
2008,Aleutians,30,15.7804381262781
2008,Aleutians,31,26.3007302104635
2008,Aleutians,32,36.8210222946489
2008,Aleutians,33,42.0811683367416
2008,Aleutians,34,38.9384920746528
2008,Aleutians,35,108.2585060577858
2008,Aleutians,36,239.6281203968316
2008,Aleutians,37,224.9478799653679
2008,Aleutians,38,204.0333981133733
2008,Aleutians,39,358.1719850963553
2008,Aleutians,40,425.5933696961435
2008,Aleutians,41,514.2581159947597
2008,Aleutians,42,665.9851109732723
2008,Aleutians,43,705.6354325447589
2008,Aleutians,44,485.8260187534178
2008,Aleutians,45,707.641101290433
2008,Aleutians,46,510.9394602229097
2008,Aleutians,47,518.59493673743
2008,Aleutians,48,319.73860380354574
2008,Aleutians,49,463.144939250072
2008,Aleutians,50,322.71806369792546
2008,Aleutians,51,290.71544707661224
2008,Aleutians,52,336.1953207200977
2008,Aleutians,53,237.3093158645318
2008,Aleutians,54,244.15810027171472
2008,Aleutians,55,309.88069325875983
2008,Aleutians,56,191.88496980509302
2008,Aleutians,57,246.0838958736363
2008,Aleutians,58,158.12746712327052
2008,Aleutians,59,171.8387756809723
2008,Aleutians,60,144.65437553763132
2008,Aleutians,61,183.1381228782853
2008,Aleutians,62,66.0013582112837
2008,Aleutians,63,113.6990700454833
2008,Aleutians,64,101.532306050484
2008,Aleutians,65,55.2513071660564
2008,Aleutians,67,96.2721600083909
2008,Aleutians,68,83.6343981442016
2008,Aleutians,69,140.294818615376
2008,Aleutians,70,71.3406609026387
2008,Aleutians,71,105.943225120252
2008,Aleutians,72,61.920566513267
2008,Aleutians,73,52.2495014014059
2008,Aleutians,75,26.124750700703
2008,Aleutians,76,26.124750700703
2008,Aleutians,77,5.26014604209269
2008,Aleutians,78,26.124750700703
2008,Aleutians,83,17.8979079062821
2009,Bering Sea,29,6.32353380646355
2009,Bering Sea,31,13.3660275204967
2009,Bering Sea,32,45.837493326753005
2009,Bering Sea,33,53.2695808880374
2009,Bering Sea,34,12.6470676129271
2009,Bering Sea,35,50.5922124300504
2009,Bering Sea,36,4.57554922147141
2009,Bering Sea,37,29.409423498980402
2009,Bering Sea,38,82.2098814623682
2009,Bering Sea,39,19.689561326960252
2009,Bering Sea,40,18.9706014193907
2009,Bering Sea,41,63.2392800429775
2009,Bering Sea,42,115.9844302173946
2009,Bering Sea,43,41.6668972646562
2009,Bering Sea,44,112.0884278859983
2009,Bering Sea,45,261.5919614049434
2009,Bering Sea,46,110.06584957030569
2009,Bering Sea,47,144.01518366854867
2009,Bering Sea,48,225.9345911985554
2009,Bering Sea,49,113.8275504946857
2009,Bering Sea,50,120.66001221422712
2009,Bering Sea,51,77.3203254927018
2009,Bering Sea,52,185.6781389548631
2009,Bering Sea,53,134.80030743126403
2009,Bering Sea,54,213.9435376598695
2009,Bering Sea,55,189.2729384927106
2009,Bering Sea,56,301.82579369327294
2009,Bering Sea,57,207.0649354149964
2009,Bering Sea,58,304.0787642130011
2009,Bering Sea,59,279.9751862773848
2009,Bering Sea,60,206.2970841548175
2009,Bering Sea,61,278.46167936318983
2009,Bering Sea,62,332.34377094707395
2009,Bering Sea,63,198.64354726526034
2009,Bering Sea,64,246.4788621599253
2009,Bering Sea,65,185.8353390104502
2009,Bering Sea,66,151.2834606601302
2009,Bering Sea,67,410.497093014092
2009,Bering Sea,68,211.67528872747633
2009,Bering Sea,69,172.7698979246921
2009,Bering Sea,70,244.2941494424219
2009,Bering Sea,71,188.25339215040322
2009,Bering Sea,72,159.12958774497062
2009,Bering Sea,73,252.5647553649793
2009,Bering Sea,74,293.2781341518119
2009,Bering Sea,75,87.91843011496512
2009,Bering Sea,76,6.32353380646355
2009,Bering Sea,77,118.002088535125
2009,Bering Sea,78,25.39810997955722
2009,Bering Sea,79,48.86867352136292
2009,Bering Sea,80,37.3017720086101
2009,Bering Sea,82,19.689561326960252
2009,Bering Sea,83,65.9166485009645
2009,Bering Sea,84,6.32353380646355
2009,Bering Sea,86,6.32353380646355
2009,Bering Sea,89,6.32353380646355
2009,Bering Sea,90,12.6470676129271
2010,Aleutians,24,3.01284462826941
2010,Aleutians,25,15.5492608478391
2010,Aleutians,27,3.01284462826941
2010,Aleutians,28,3.01284462826941
2010,Aleutians,29,24.2546729678661
2010,Aleutians,30,42.6648625022638
2010,Aleutians,31,94.8532965958279
2010,Aleutians,32,73.27834649145
2010,Aleutians,33,116.058175223454
2010,Aleutians,34,94.5201748310467
2010,Aleutians,35,225.9229287383888
2010,Aleutians,36,367.651204512511
2010,Aleutians,37,281.9062427703984
2010,Aleutians,38,475.025450049584
2010,Aleutians,39,389.1091608864201
2010,Aleutians,40,523.532013527801
2010,Aleutians,41,513.782626570848
2010,Aleutians,42,536.2106868126871
2010,Aleutians,43,801.974423763131
2010,Aleutians,44,1062.195435446983
2010,Aleutians,45,795.14630493205
2010,Aleutians,46,762.307934074363
2010,Aleutians,47,741.0828340751821
2010,Aleutians,48,831.8957317569041
2010,Aleutians,49,816.302177875729
2010,Aleutians,50,564.763071396579
2010,Aleutians,51,673.618984889578
2010,Aleutians,52,445.26849088605303
2010,Aleutians,53,511.249290894526
2010,Aleutians,54,268.9773330659485
2010,Aleutians,55,339.81001456500496
2010,Aleutians,56,167.1671065106888
2010,Aleutians,57,366.2602345053525
2010,Aleutians,58,256.899930938757
2010,Aleutians,59,142.36150547494742
2010,Aleutians,60,294.43778399318103
2010,Aleutians,61,310.18791942419085
2010,Aleutians,62,120.9266943878404
2010,Aleutians,63,155.1405856076179
2010,Aleutians,64,175.8144693105394
2010,Aleutians,65,62.5233561521097
2010,Aleutians,66,49.442471636746
2010,Aleutians,67,205.091805053487
2010,Aleutians,68,79.3848216839566
2010,Aleutians,69,79.9897160326022
2010,Aleutians,70,55.5831271230253
2010,Aleutians,71,15.5492608478391
2010,Aleutians,73,71.8418528939355
2010,Aleutians,75,21.6899163341184
2010,Aleutians,77,21.6899163341184
2010,Aleutians,80,3.01284462826941
2010,Aleutians,81,3.01284462826941
2010,Aleutians,83,15.5492608478391
2011,Bering Sea,27,5.0018441116587
2011,Bering Sea,28,15.40104134902127
2011,Bering Sea,29,10.0036882233174
2011,Bering Sea,31,34.839076601953074
2011,Bering Sea,32,5.0018441116587
2011,Bering Sea,33,5.39735312570387
2011,Bering Sea,34,117.08953460301588
2011,Bering Sea,35,162.3278084423315
2011,Bering Sea,36,58.8139535917959
2011,Bering Sea,37,102.6097539034939
2011,Bering Sea,38,173.2482185578128
2011,Bering Sea,39,156.25192622471488
2011,Bering Sea,40,295.58367673568193
2011,Bering Sea,41,28.682275313716602
2011,Bering Sea,42,99.0635982473484
2011,Bering Sea,43,358.6002853343132
2011,Bering Sea,44,41.2024751706096
2011,Bering Sea,45,379.2121295906161
2011,Bering Sea,46,322.3970647447086
2011,Bering Sea,47,355.7234742874312
2011,Bering Sea,48,753.692007780181
2011,Bering Sea,49,537.7184887912326
2011,Bering Sea,50,706.831239749528
2011,Bering Sea,51,1226.5002568181028
2011,Bering Sea,52,638.5296840507781
2011,Bering Sea,53,972.975337868623
2011,Bering Sea,54,1320.417952152057
2011,Bering Sea,55,557.6374862691829
2011,Bering Sea,56,1048.6656528240526
2011,Bering Sea,57,1259.6185818446156
2011,Bering Sea,58,1520.3848464547746
2011,Bering Sea,59,598.5128266613998
2011,Bering Sea,60,736.9355376922925
2011,Bering Sea,61,822.2987166212465
2011,Bering Sea,62,1249.9616052191238
2011,Bering Sea,63,1241.4271330583233
2011,Bering Sea,64,970.8702578387865
2011,Bering Sea,65,504.7373936415453
2011,Bering Sea,66,1116.1018750800934
2011,Bering Sea,67,729.3895470142064
2011,Bering Sea,68,941.649271446698
2011,Bering Sea,69,649.018959860316
2011,Bering Sea,70,797.591426004356
2011,Bering Sea,71,313.7008016935817
2011,Bering Sea,72,254.9028229817362
2011,Bering Sea,73,523.8049048235266
2011,Bering Sea,74,310.9738073104686
2011,Bering Sea,75,99.52860062209616
2011,Bering Sea,76,160.8762606183051
2011,Bering Sea,77,222.5875781601696
2011,Bering Sea,78,165.641981740389
2011,Bering Sea,79,195.8936192683044
2011,Bering Sea,80,147.0529792694732
2011,Bering Sea,81,186.8244066223819
2011,Bering Sea,82,127.3367939774388
2011,Bering Sea,83,235.222511586447
2011,Bering Sea,84,5.39735312570387
2011,Bering Sea,85,137.0796656765082
2011,Bering Sea,87,15.370666718668
2011,Bering Sea,88,14.0710567575812
2011,Bering Sea,89,30.7413334373361
2011,Bering Sea,90,93.3886033946318
2011,Bering Sea,94,33.948190582807
2011,Bering Sea,95,14.0710567575812
2011,Bering Sea,96,117.611255793224
2011,Bering Sea,97,15.370666718668
2011,Bering Sea,98,15.370666718668
2012,Aleutians,26,12.4707522298228
2012,Aleutians,27,11.3223225546351
2012,Aleutians,30,27.1644413211473
2012,Aleutians,31,67.2097895340864
2012,Aleutians,32,12.4707522298228
2012,Aleutians,33,147.1347164431886
2012,Aleutians,34,154.094900480877
2012,Aleutians,35,117.0927984533775
2012,Aleutians,36,154.961769420064
2012,Aleutians,37,224.8001516543786
2012,Aleutians,38,360.327374062973
2012,Aleutians,39,339.0568507469713
2012,Aleutians,40,470.7193059186777
2012,Aleutians,41,343.3000764685626
2012,Aleutians,42,489.85886873300575
2012,Aleutians,43,498.1001846653891
2012,Aleutians,44,761.618268974271
2012,Aleutians,45,738.5208980830755
2012,Aleutians,46,945.3812653538254
2012,Aleutians,47,1192.5271219508536
2012,Aleutians,48,543.4807131528028
2012,Aleutians,49,777.8204884592104
2012,Aleutians,50,455.81696729612577
2012,Aleutians,51,486.933455201981
2012,Aleutians,52,754.8532203276629
2012,Aleutians,53,357.2963457382728
2012,Aleutians,54,575.7381997587246
2012,Aleutians,55,347.6934517762311
2012,Aleutians,56,210.27230093666878
2012,Aleutians,57,484.1518711250276
2012,Aleutians,58,182.2543514077447
2012,Aleutians,59,226.293552206011
2012,Aleutians,60,87.5571197789021
2012,Aleutians,61,183.7344517030544
2012,Aleutians,62,207.5273949009434
2012,Aleutians,63,360.8263078626481
2012,Aleutians,64,20.1308928192516
2012,Aleutians,65,162.8704034482241
2012,Aleutians,66,135.7059621270771
2012,Aleutians,67,343.1434591769741
2012,Aleutians,68,43.9239676037094
2012,Aleutians,69,110.446150033365
2012,Aleutians,70,32.8460301942672
2012,Aleutians,71,47.2953341403989
2012,Aleutians,72,67.4262269596505
2012,Aleutians,73,12.4707522298228
2012,Aleutians,74,12.7151373750156
2012,Aleutians,75,20.1308928192516
2012,Aleutians,77,14.6936890913245
2013,Bering Sea,29,33.8853302451349
2013,Bering Sea,31,309.8080160047632
2013,Bering Sea,32,4.5077316425032
2013,Bering Sea,33,13.952724202181791
2013,Bering Sea,34,33.0153806041266
2013,Bering Sea,35,25.73559000260729
2013,Bering Sea,36,74.0031737245962
2013,Bering Sea,37,30.24332164511049
2013,Bering Sea,38,39.25878493011689
2013,Bering Sea,39,61.948309619689695
2013,Bering Sea,40,63.2538226158375
2013,Bering Sea,41,85.088761166601
2013,Bering Sea,42,72.0188000232075
2013,Bering Sea,43,88.28144373596001
2013,Bering Sea,44,79.5815026430745
2013,Bering Sea,45,121.7096124756891
2013,Bering Sea,46,160.55520204733898
2013,Bering Sea,47,245.226937037226
2013,Bering Sea,48,43.4878537750047
2013,Bering Sea,49,273.30164905945213
2013,Bering Sea,50,532.1153359128225
2013,Bering Sea,51,313.5194355151158
2013,Bering Sea,52,246.5402883806548
2013,Bering Sea,53,584.9715364091259
2013,Bering Sea,54,507.0778403110867
2013,Bering Sea,55,219.6611866864449
2013,Bering Sea,56,800.1497732434019
2013,Bering Sea,57,424.93713460612884
2013,Bering Sea,58,344.5622675147636
2013,Bering Sea,59,367.4840204042467
2013,Bering Sea,60,224.5049253847267
2013,Bering Sea,61,711.2216969269291
2013,Bering Sea,62,300.3560703282454
2013,Bering Sea,63,262.1040302861099
2013,Bering Sea,64,479.8803715879044
2013,Bering Sea,65,350.0599410565472
2013,Bering Sea,66,282.7321702899179
2013,Bering Sea,67,862.9966372250203
2013,Bering Sea,68,244.94288716400968
2013,Bering Sea,69,314.088449762576
2013,Bering Sea,70,203.4246740008614
2013,Bering Sea,71,444.2027552184199
2013,Bering Sea,72,71.83331532284001
2013,Bering Sea,73,189.63530819407399
2013,Bering Sea,74,247.7507486173921
2013,Bering Sea,75,38.1253128038895
2013,Bering Sea,76,56.5811122049777
2013,Bering Sea,77,35.1805825622859
2013,Bering Sea,78,67.5029114065212
2013,Bering Sea,79,61.518373122153
2013,Bering Sea,80,13.952724202181791
2013,Bering Sea,81,345.5907991243094
2013,Bering Sea,82,370.1637825103624
2013,Bering Sea,83,29.3775986026317
2013,Bering Sea,84,21.22785836010409
2013,Bering Sea,85,4.5077316425032
2013,Bering Sea,86,12.0072976517987
2013,Bering Sea,87,19.0626564019448
2013,Bering Sea,88,13.952724202181791
2013,Bering Sea,89,11.7828658004255
2013,Bering Sea,90,19.0626564019448
2013,Bering Sea,92,27.3403859014726
2013,Bering Sea,93,19.0626564019448
2013,Bering Sea,95,11.3855394766621
2013,Bering Sea,96,9.44499255967859
2013,Bering Sea,98,11.7828658004255
2014,Aleutians,30,20.46920699723765
2014,Aleutians,31,53.2215521405505
2014,Aleutians,32,59.01640702177
2014,Aleutians,33,165.962509057347
2014,Aleutians,34,99.5930383755438
2014,Aleutians,35,161.7911609924971
2014,Aleutians,36,184.9390858304413
2014,Aleutians,37,261.7473397979089
2014,Aleutians,38,460.3373419240793
2014,Aleutians,39,327.83901919112583
2014,Aleutians,40,523.8666238294805
2014,Aleutians,41,578.987257150464
2014,Aleutians,42,614.5376247334616
2014,Aleutians,43,1063.417849356131
2014,Aleutians,44,811.3901463522409
2014,Aleutians,45,747.95005672773
2014,Aleutians,46,967.548425021117
2014,Aleutians,47,1011.0196750139551
2014,Aleutians,48,802.8448050323329
2014,Aleutians,49,910.0273322980211
2014,Aleutians,50,772.514002744605
2014,Aleutians,51,644.234885802721
2014,Aleutians,52,672.351030270748
2014,Aleutians,53,670.470670194482
2014,Aleutians,54,490.75367324976804
2014,Aleutians,55,454.24145202998886
2014,Aleutians,56,482.4742470110503
2014,Aleutians,57,289.4093167237868
2014,Aleutians,58,381.4469679743127
2014,Aleutians,59,364.203144612131
2014,Aleutians,60,239.5585530184122
2014,Aleutians,61,375.0673725997041
2014,Aleutians,62,200.58648255785678
2014,Aleutians,63,250.108463921278
2014,Aleutians,64,178.275784101189
2014,Aleutians,65,174.9692164315161
2014,Aleutians,66,139.58736896288195
2014,Aleutians,67,214.192124011233
2014,Aleutians,68,160.750004343756
2014,Aleutians,69,127.95510680359095
2014,Aleutians,70,101.23059956751
2014,Aleutians,71,196.525129140026
2014,Aleutians,72,89.1378920505946
2014,Aleutians,73,23.8236323931289
2014,Aleutians,74,136.785156836852
2014,Aleutians,75,47.6472647862578
2014,Aleutians,76,104.03281169353966
2014,Aleutians,79,23.8236323931289
2014,Aleutians,81,11.7309248762137
2014,Aleutians,84,23.8236323931289
2015,Bering Sea,32,9.44835397720874
2015,Bering Sea,33,0.226339901255775
2015,Bering Sea,34,12.479644779089039
2015,Bering Sea,35,5.91903234952176
2015,Bering Sea,36,0.226339901255775
2015,Bering Sea,37,35.0513633115311
2015,Bering Sea,38,6.37171215203331
2015,Bering Sea,39,72.7187772461527
2015,Bering Sea,40,72.72748403382786
2015,Bering Sea,41,244.0499964424591
2015,Bering Sea,42,77.89926132329764
2015,Bering Sea,43,23.12768152542142
2015,Bering Sea,44,125.5520918243629
2015,Bering Sea,45,262.82045664871083
2015,Bering Sea,46,238.6667625186121
2015,Bering Sea,47,152.9872051002307
2015,Bering Sea,48,268.9240791131951
2015,Bering Sea,49,452.7438717455823
2015,Bering Sea,50,504.3702045067354
2015,Bering Sea,51,474.87902408869144
2015,Bering Sea,52,402.5057997571151
2015,Bering Sea,53,558.0006020748972
2015,Bering Sea,54,678.8929391383751
2015,Bering Sea,55,926.5613368879206
2015,Bering Sea,56,480.3892901630142
2015,Bering Sea,57,796.6373203411583
2015,Bering Sea,58,699.2554643100549
2015,Bering Sea,59,623.2840451371366
2015,Bering Sea,60,699.4063734432527
2015,Bering Sea,61,754.9168053422741
2015,Bering Sea,62,573.0061491456331
2015,Bering Sea,63,948.434436879544
2015,Bering Sea,64,755.7899701141215
2015,Bering Sea,65,746.5152162315703
2015,Bering Sea,66,762.1288393573554
2015,Bering Sea,67,714.0081562000405
2015,Bering Sea,68,607.0801883580191
2015,Bering Sea,69,750.8715139139035
2015,Bering Sea,70,779.8692845855319
2015,Bering Sea,71,805.328239471752
2015,Bering Sea,72,84.40070728534906
2015,Bering Sea,73,51.5337852586486
2015,Bering Sea,74,332.09174466732026
2015,Bering Sea,75,343.6504351309698
2015,Bering Sea,76,157.46499310025268
2015,Bering Sea,77,85.5157429057361
2015,Bering Sea,78,227.71615925353902
2015,Bering Sea,79,80.1328373852853
2015,Bering Sea,80,94.9640968829449
2015,Bering Sea,81,25.829349235578075
2015,Bering Sea,82,15.8583936792814
2015,Bering Sea,83,46.1508797381978
2015,Bering Sea,84,102.432447266479
2015,Bering Sea,86,110.94853747500409
2015,Bering Sea,87,85.1879763157321
2015,Bering Sea,90,75.897174163473
2015,Bering Sea,91,75.897174163473
2015,Bering Sea,92,9.44835397720874
2015,Bering Sea,95,33.9819576470875
2015,Bering Sea,98,33.9819576470875
2015,Bering Sea,101,46.1508797381978
2015,Bering Sea,106,46.1508797381978
2015,Bering Sea,108,46.1508797381978
2016,Aleutians,25,9.91578435871812
2016,Aleutians,26,9.91578435871812
2016,Aleutians,29,9.91578435871812
2016,Aleutians,30,64.71788949003451
2016,Aleutians,31,44.6080566273544
2016,Aleutians,32,58.4859128631908
2016,Aleutians,33,123.5979814565858
2016,Aleutians,34,105.86934410228349
2016,Aleutians,35,125.77401409907321
2016,Aleutians,36,168.9499405098977
2016,Aleutians,37,215.646423973966
2016,Aleutians,38,296.85559228304396
2016,Aleutians,39,251.8967320908333
2016,Aleutians,40,303.90570385953504
2016,Aleutians,41,350.139442707296
2016,Aleutians,42,225.5414908657132
2016,Aleutians,43,461.71007967748
2016,Aleutians,44,398.433127475652
2016,Aleutians,45,564.962555329122
2016,Aleutians,46,438.774480322273
2016,Aleutians,47,345.8722471782655
2016,Aleutians,48,359.997648663997
2016,Aleutians,49,461.212978383183
2016,Aleutians,50,391.53766042161715
2016,Aleutians,51,483.319078157597
2016,Aleutians,52,345.81104865054397
2016,Aleutians,53,362.65947360399605
2016,Aleutians,54,349.300273157343
2016,Aleutians,55,200.10715119886981
2016,Aleutians,56,187.680062040574
2016,Aleutians,57,228.746770491869
2016,Aleutians,58,66.3909958640127
2016,Aleutians,59,196.84317603679682
2016,Aleutians,60,265.858631988096
2016,Aleutians,61,110.492746966798
2016,Aleutians,62,129.46582010848158
2016,Aleutians,63,51.411295282820404
2016,Aleutians,64,111.21556626374598
2016,Aleutians,65,152.7945602182555
2016,Aleutians,66,36.7101508530664
2016,Aleutians,67,113.19793084859069
2016,Aleutians,68,5.74884162190366
2016,Aleutians,69,49.0374088871865
2016,Aleutians,70,9.91578435871812
2016,Aleutians,71,126.73914503771911
2016,Aleutians,72,56.0002066640986
2016,Aleutians,73,29.2058401697503
2016,Aleutians,74,30.9613092311627
2016,Aleutians,75,12.7569511370659
2016,Aleutians,76,9.91578435871812
2016,Aleutians,77,58.4116803395005
2016,Aleutians,78,29.2058401697503
2016,Aleutians,79,29.2058401697503
2017,Bering Sea,32,5.17250170417906
2017,Bering Sea,34,161.2413251084667
2017,Bering Sea,35,35.3382931193907
2017,Bering Sea,36,27.63159772032496
2017,Bering Sea,37,19.955639418389488
2017,Bering Sea,38,15.8328497988522
2017,Bering Sea,39,31.7134108306254
2017,Bering Sea,40,45.52997010887309
2017,Bering Sea,41,88.4308526259035
2017,Bering Sea,42,141.0421092221721
2017,Bering Sea,43,107.05012296541
2017,Bering Sea,44,227.1262891481822
2017,Bering Sea,45,146.30438126878988
2017,Bering Sea,46,135.6550338453819
2017,Bering Sea,47,527.3113149791826
2017,Bering Sea,48,275.343898728549
2017,Bering Sea,49,522.9779508762492
2017,Bering Sea,50,312.8701161526763
2017,Bering Sea,51,410.8529363107471
2017,Bering Sea,52,497.56825381396595
2017,Bering Sea,53,779.9771714185795
2017,Bering Sea,54,830.296839129271
2017,Bering Sea,55,960.9183807540462
2017,Bering Sea,56,1282.359658335252
2017,Bering Sea,57,703.78856821615
2017,Bering Sea,58,740.9353624800532
2017,Bering Sea,59,1234.4364847490606
2017,Bering Sea,60,1252.038055154041
2017,Bering Sea,61,1274.634663899093
2017,Bering Sea,62,1026.3407743643438
2017,Bering Sea,63,968.3897818304762
2017,Bering Sea,64,735.9426410691735
2017,Bering Sea,65,786.3824886565001
2017,Bering Sea,66,1030.8002764702476
2017,Bering Sea,67,1038.456778718947
2017,Bering Sea,68,1051.7458870803266
2017,Bering Sea,69,584.9444086595822
2017,Bering Sea,70,771.2932342381034
2017,Bering Sea,71,330.14547218457255
2017,Bering Sea,72,236.3405412633773
2017,Bering Sea,73,420.84285475175665
2017,Bering Sea,74,230.30495999129738
2017,Bering Sea,75,201.0146932385046
2017,Bering Sea,76,160.1921148653385
2017,Bering Sea,77,143.4675647193479
2017,Bering Sea,78,58.9579126173353
2017,Bering Sea,79,135.5511398199219
2017,Bering Sea,80,37.3013273646563
2017,Bering Sea,81,51.2819543153999
2017,Bering Sea,82,41.249168751832386
2017,Bering Sea,83,29.209954232869
2017,Bering Sea,84,10.9485259250848
2017,Bering Sea,85,39.9180135604632
2017,Bering Sea,86,21.8970518501696
2017,Bering Sea,88,25.12814112256859
2017,Bering Sea,89,15.5175051125372
2017,Bering Sea,91,10.9485259250848
2017,Bering Sea,93,16.92353839273077
2018,Aleutians,25,4.76520244225952
2018,Aleutians,27,9.53040488451903
2018,Aleutians,28,44.0754980698787
2018,Aleutians,29,34.5450931853597
2018,Aleutians,30,57.73479112169299
2018,Aleutians,31,127.18775978163421
2018,Aleutians,32,72.3931807376934
2018,Aleutians,33,72.5299467305647
2018,Aleutians,34,163.4517579249748
2018,Aleutians,35,175.89169430090112
2018,Aleutians,36,52.832822686562395
2018,Aleutians,37,346.138109217163
2018,Aleutians,38,239.0280021398181
2018,Aleutians,39,156.3313362497702
2018,Aleutians,40,295.35237415290993
2018,Aleutians,41,232.4273112489646
2018,Aleutians,42,430.28208516723396
2018,Aleutians,43,518.433242907606
2018,Aleutians,44,474.06769704094904
2018,Aleutians,45,464.879891943395
2018,Aleutians,46,483.3187150673566
2018,Aleutians,47,548.300752802314
2018,Aleutians,48,499.629336015491
2018,Aleutians,49,469.271814012346
2018,Aleutians,50,549.422198236735
2018,Aleutians,51,501.65923429600997
2018,Aleutians,52,354.4332335907655
2018,Aleutians,53,646.824450140163
2018,Aleutians,54,281.238229086675
2018,Aleutians,55,332.842509722589
2018,Aleutians,56,333.685579508599
2018,Aleutians,57,384.930178558419
2018,Aleutians,58,280.646468847518
2018,Aleutians,59,171.1960138402909
2018,Aleutians,60,268.943062670649
2018,Aleutians,61,206.3538188032166
2018,Aleutians,62,183.9900146672049
2018,Aleutians,63,119.2265462908449
2018,Aleutians,64,157.13454007467539
2018,Aleutians,65,225.7331687742303
2018,Aleutians,66,117.961010439927
2018,Aleutians,67,101.01451894831999
2018,Aleutians,68,107.14262480978951
2018,Aleutians,69,69.4313032503268
2018,Aleutians,70,56.5979039988338
2018,Aleutians,71,36.3484181402526
2018,Aleutians,72,157.6124229471537
2018,Aleutians,73,41.1136205825121
2018,Aleutians,74,28.3176826678147
2018,Aleutians,76,4.76520244225952
2019,Bering Sea,33,7.61654520835367
2019,Bering Sea,36,22.22137531485133
2019,Bering Sea,37,131.236675470482
2019,Bering Sea,38,13.3363560081599
2019,Bering Sea,39,20.95290121651357
2019,Bering Sea,40,25.386583821736572
2019,Bering Sea,41,24.11810972339873
2019,Bering Sea,42,147.7382399855271
2019,Bering Sea,43,144.573031478642
2019,Bering Sea,44,612.4671875364021
2019,Bering Sea,45,148.4004355500624
2019,Bering Sea,46,810.866461849701
2019,Bering Sea,47,451.74337504197797
2019,Bering Sea,48,337.01107999706005
2019,Bering Sea,49,48.894087331171136
2019,Bering Sea,50,50.79082173971853
2019,Bering Sea,51,681.0487078267513
2019,Bering Sea,52,234.3438509514449
2019,Bering Sea,53,640.4621641202447
2019,Bering Sea,54,2854.2944928307334
2019,Bering Sea,55,503.0213370069651
2019,Bering Sea,56,1499.256847525654
2019,Bering Sea,57,1579.0098351019271
2019,Bering Sea,58,553.5983575826833
2019,Bering Sea,59,1989.9004991233662
2019,Bering Sea,60,1215.6860774036609
2019,Bering Sea,61,1767.100754065043
2019,Bering Sea,62,1964.9851245088398
2019,Bering Sea,63,1740.2071716174808
2019,Bering Sea,64,1495.1050430518064
2019,Bering Sea,65,632.0605332518641
2019,Bering Sea,66,1464.0056023240884
2019,Bering Sea,67,1430.5805773637135
2019,Bering Sea,68,942.127302770163
2019,Bering Sea,69,666.0180801216592
2019,Bering Sea,70,687.062299538035
2019,Bering Sea,71,519.4793978424533
2019,Bering Sea,72,952.050713853111
2019,Bering Sea,73,1429.1100665656138
2019,Bering Sea,74,1073.3378016025333
2019,Bering Sea,75,260.17931206396366
2019,Bering Sea,76,1103.756273630766
2019,Bering Sea,77,288.932327156806
2019,Bering Sea,78,369.643006620129
2019,Bering Sea,79,7.61654520835367
2019,Bering Sea,80,68.15572269175486
2019,Bering Sea,81,13.3363560081599
2019,Bering Sea,82,8.88501930669143
2019,Bering Sea,85,143.6971001136295
2019,Bering Sea,87,7.61654520835367
2019,Bering Sea,88,60.5391774834012
2019,Bering Sea,89,60.5391774834012
2019,Bering Sea,92,68.15572269175486
2019,Bering Sea,100,60.5391774834012
2019,Bering Sea,101,13.3363560081599
2020,Aleutians,27,14.7004185394949
2020,Aleutians,29,14.7004185394949
2020,Aleutians,30,31.8740894654942
2020,Aleutians,31,77.211971277231
2020,Aleutians,32,117.684975929059
2020,Aleutians,33,80.8931157737716
2020,Aleutians,34,106.612808356221
2020,Aleutians,35,109.594674660974
2020,Aleutians,36,30.530211563478403
2020,Aleutians,37,139.89139706097728
2020,Aleutians,38,241.2366357042533
2020,Aleutians,39,128.948162511672
2020,Aleutians,40,268.6680984819806
2020,Aleutians,41,403.0722721607469
2020,Aleutians,42,347.369363312619
2020,Aleutians,43,452.6295389463272
2020,Aleutians,44,653.1175724945467
2020,Aleutians,45,450.427857763514
2020,Aleutians,46,451.899741719648
2020,Aleutians,47,734.685010355746
2020,Aleutians,48,568.033009172456
2020,Aleutians,49,552.1031170800453
2020,Aleutians,50,622.852971309595
2020,Aleutians,51,451.59547249081
2020,Aleutians,52,334.2199558435776
2020,Aleutians,53,304.39912068588234
2020,Aleutians,54,352.60806885019866
2020,Aleutians,55,350.3158483477901
2020,Aleutians,56,237.91830561840112
2020,Aleutians,57,278.3317338864727
2020,Aleutians,58,356.7675198242369
2020,Aleutians,59,254.40014610671
2020,Aleutians,60,260.74012938071934
2020,Aleutians,61,178.1349482979107
2020,Aleutians,62,218.685288293361
2020,Aleutians,63,176.537532391674
2020,Aleutians,64,209.69045095536833
2020,Aleutians,65,164.504578755631
2020,Aleutians,66,142.297259305093
2020,Aleutians,67,184.79022544905834
2020,Aleutians,68,113.2716666271464
2020,Aleutians,69,61.167674835720405
2020,Aleutians,70,92.4168512046065
2020,Aleutians,71,122.6213418553723
2020,Aleutians,72,50.2810936538475
2020,Aleutians,73,14.7004185394949
2020,Aleutians,74,20.8548154225399
2020,Aleutians,75,14.7004185394949
2020,Aleutians,81,29.4008370789897
2020,Aleutians,86,14.7004185394949
2020,Aleutians,91,14.7004185394949
2021,Bering Sea,30,47.386778779007
2021,Bering Sea,31,47.386778779007
2021,Bering Sea,33,10.8358240443245
2021,Bering Sea,35,95.4408143239114
2021,Bering Sea,36,110.39545085901369
2021,Bering Sea,37,55.325450407910296
2021,Bering Sea,38,40.446143761876684
2021,Bering Sea,39,18.77449567322779
2021,Bering Sea,40,205.5346786624961
2021,Bering Sea,41,84.6173625242667
2021,Bering Sea,42,91.05663256149549
2021,Bering Sea,43,116.453355650658
2021,Bering Sea,44,116.85154197701
2021,Bering Sea,45,67.3687822429093
2021,Bering Sea,46,131.9625592056794
2021,Bering Sea,47,316.024672233908
2021,Bering Sea,48,270.8977774749505
2021,Bering Sea,49,286.2601360362523
2021,Bering Sea,50,490.79919218082296
2021,Bering Sea,51,527.9064699637963
2021,Bering Sea,52,416.13851166223503
2021,Bering Sea,53,467.2973258213479
2021,Bering Sea,54,415.069644263953
2021,Bering Sea,55,451.2971306884456
2021,Bering Sea,56,1057.5105870625853
2021,Bering Sea,57,650.8667622633925
2021,Bering Sea,58,725.3702719486187
2021,Bering Sea,59,576.317722997264
2021,Bering Sea,60,720.7132233593966
2021,Bering Sea,61,1220.2478594820302
2021,Bering Sea,62,658.3032281072607
2021,Bering Sea,63,392.6567964900913
2021,Bering Sea,64,922.3234499401556
2021,Bering Sea,65,541.4162162121395
2021,Bering Sea,66,712.0093745770873
2021,Bering Sea,67,534.1979340817122
2021,Bering Sea,68,452.43345328632904
2021,Bering Sea,69,860.6766333207563
2021,Bering Sea,70,873.7536500838524
2021,Bering Sea,71,422.4375609123186
2021,Bering Sea,72,460.1886185485636
2021,Bering Sea,73,423.9450780050233
2021,Bering Sea,74,405.5695323459475
2021,Bering Sea,75,76.89248121016894
2021,Bering Sea,76,267.038660299086
2021,Bering Sea,77,152.6237984378761
2021,Bering Sea,78,36.904026140069
2021,Bering Sea,79,55.3477419674212
2021,Bering Sea,80,17.73487696386092
2021,Bering Sea,81,205.4690414928562
2021,Bering Sea,82,15.2323780514201
2021,Bering Sea,83,88.2927054231913
2021,Bering Sea,85,7.93867162890329
2021,Bering Sea,86,80.2307278320022
2021,Bering Sea,87,42.6178628284419
2021,Bering Sea,88,40.1153639160011
2021,Bering Sea,90,7.93867162890329
2021,Bering Sea,95,15.2323780514201
2021,Bering Sea,97,10.8358240443245
2021,Bering Sea,102,47.386778779007
2022,Aleutians,24,8.66533783522809
2022,Aleutians,28,54.2098951495216
2022,Aleutians,30,151.746479475184
2022,Aleutians,31,44.435623245217
2022,Aleutians,32,88.96722679451317
2022,Aleutians,33,35.7702854099889
2022,Aleutians,34,86.74935865636016
2022,Aleutians,35,198.4535768892987
2022,Aleutians,36,93.78518545795896
2022,Aleutians,37,122.51964406634936
2022,Aleutians,38,131.3769425097361
2022,Aleutians,39,109.2876654967261
2022,Aleutians,40,123.7245584395047
2022,Aleutians,41,285.843925981174
2022,Aleutians,42,204.1384380506733
2022,Aleutians,43,251.5643797566286
2022,Aleutians,44,334.910236926713
2022,Aleutians,45,148.0477139384717
2022,Aleutians,46,220.6321102164865
2022,Aleutians,47,194.2521754944851
2022,Aleutians,48,349.66028012998004
2022,Aleutians,49,155.7434449817911
2022,Aleutians,50,194.3481557985644
2022,Aleutians,51,348.46784103687276
2022,Aleutians,52,184.0533069297074
2022,Aleutians,53,240.133815622393
2022,Aleutians,54,145.1539312107943
2022,Aleutians,55,175.1526615132325
2022,Aleutians,56,177.0174801281084
2022,Aleutians,57,156.71305177369982
2022,Aleutians,58,216.07794476214
2022,Aleutians,59,71.63655112405706
2022,Aleutians,60,61.862279219752466
2022,Aleutians,61,240.3484669301156
2022,Aleutians,62,171.295023283793
2022,Aleutians,63,107.65815446309679
2022,Aleutians,64,98.6455183947385
2022,Aleutians,65,105.681345196337
2022,Aleutians,66,53.1009610804451
2022,Aleutians,67,62.8752329847497
2022,Aleutians,68,33.031840307283
2022,Aleutians,70,105.681345196337
2022,Aleutians,72,8.66533783522809
2022,Aleutians,73,24.366502472055
2022,Aleutians,74,62.1301629255896
2022,Aleutians,79,8.66533783522809
